Symbol,DataDate,OpenPrice,MaxPrice,MinPrice,ClosePrice,AvgPrice,Volume,TotalAmount
VNINDEX,2016-01-04,579.03,579.97,573.15,574.41,574.41,95922570.0,1582318000000.0
VNINDEX,2016-01-05,571.66,575.4,569.26,569.94,569.94,97988880.0,1438197000000.0
VNINDEX,2016-01-06,569.5,574.57,569.5,574.57,574.57,82276760.0,1320797000000.0
VNINDEX,2016-01-07,570.62,574.57,561.09,565.36,565.36,140605960.0,2114698000000.0
VNINDEX,2016-01-08,562.62,565.36,556.36,560.05,560.05,133647560.0,1763784000000.0
VNINDEX,2016-01-11,559.05,563.04,557.51,557.87,557.87,100385840.0,1382918000000.0
VNINDEX,2016-01-12,557.36,564.26,557.36,564.26,564.26,101930720.0,1371412000000.0
VNINDEX,2016-01-13,565.21,566.02,560.37,560.37,560.37,116471500.0,1503791000000.0
VNINDEX,2016-01-14,555.88,560.37,550.6,553.03,553.03,128667040.0,1697468000000.0
VNINDEX,2016-01-15,554.35,556.55,543.04,543.04,543.04,119024070.0,1498391000000.0
VNINDEX,2016-01-18,532.54,543.04,518.16,526.37,526.37,155144610.0,2247010000000.0
VNINDEX,2016-01-19,525.65,535.77,525.65,535.77,535.77,113131650.0,1376311000000.0
VNINDEX,2016-01-20,532.81,536.57,529.42,529.44,529.44,110083840.0,1375329000000.0
VNINDEX,2016-01-21,529.44,531.21,520.74,521.88,521.88,139630150.0,1646412000000.0
VNINDEX,2016-01-22,521.88,525.83,513.82,522.24,522.24,159187370.0,1869687000000.0
VNINDEX,2016-01-25,522.24,542.35,522.24,542.35,542.35,141524210.0,1837567000000.0
VNINDEX,2016-01-26,534.06,542.98,531.27,537.73,537.73,129402420.0,1571729000000.0
VNINDEX,2016-01-27,541.18,543.88,537.73,542.69,542.69,113827200.0,1543118000000.0
VNINDEX,2016-01-28,542.01,544.73,538.59,539.47,539.47,107366270.0,1501444000000.0
VNINDEX,2016-01-29,539.96,545.71,537.51,545.25,545.25,98745150.0,1438822000000.0
VNINDEX,2016-02-01,545.27,548.58,540.56,540.56,540.56,91510080.0,1437232000000.0
VNINDEX,2016-02-02,537.71,542.26,535.38,536.45,536.45,81857890.0,1052118000000.0
VNINDEX,2016-02-03,531.11,539.07,530.23,539.07,539.07,72465960.0,1062549000000.0
VNINDEX,2016-02-04,542.91,545.17,539.07,542.15,542.15,58991480.0,830895000000.0
VNINDEX,2016-02-05,540.64,545.54,540.64,544.75,544.75,58916520.0,869221000000.0
VNINDEX,2016-02-15,540.13,544.75,537.81,543.79,543.79,63715980.0,951708000000.0
VNINDEX,2016-02-16,545.72,548.89,543.79,548.05,548.05,101446430.0,1395995000000.0
VNINDEX,2016-02-17,551.38,552.38,547.05,547.05,547.05,108232660.0,1691525000000.0
VNINDEX,2016-02-18,550.51,555.05,547.05,552.49,552.49,105377340.0,1577691000000.0
VNINDEX,2016-02-19,552.37,555.16,551.38,554.03,554.03,176930260.0,2346947000000.0
VNINDEX,2016-02-22,555.31,561.44,554.03,560.71,560.71,146114330.0,2207237000000.0
VNINDEX,2016-02-23,564.75,567.58,560.71,561.28,561.28,151158600.0,2250943000000.0
VNINDEX,2016-02-24,559.48,569.7,557.77,568.04,568.04,150465440.0,2182756000000.0
VNINDEX,2016-02-25,571.15,573.63,562.82,562.82,562.82,128757360.0,1972087000000.0
VNINDEX,2016-02-26,565.61,566.8,562.39,566.11,566.11,96211200.0,1622890000000.0
VNINDEX,2016-02-29,565.61,566.31,559.37,559.37,559.37,116960700.0,1795656000000.0
VNINDEX,2016-03-01,560.03,565.65,559.37,561.56,561.56,115269170.0,1910218000000.0
VNINDEX,2016-03-02,564.85,570.18,561.56,570.18,570.18,140293270.0,2212837000000.0
VNINDEX,2016-03-03,573.06,573.88,569.39,570.39,570.39,121336150.0,1724601000000.0
VNINDEX,2016-03-04,570.18,576.02,568.83,573.65,573.65,131098660.0,1915640000000.0
VNINDEX,2016-03-07,575.76,580.95,573.65,576.2,576.2,154501970.0,2414449000000.0
VNINDEX,2016-03-08,576.75,579.87,574.53,574.71,574.71,141441820.0,2369902000000.0
VNINDEX,2016-03-09,573.47,576.32,571.48,571.71,571.71,118986380.0,1796074000000.0
VNINDEX,2016-03-10,574.07,575.91,571.52,575.91,575.91,118000950.0,1832152000000.0
VNINDEX,2016-03-11,576.12,580.93,574.81,577.26,577.26,134135630.0,2294943000000.0
VNINDEX,2016-03-14,579.61,579.84,576.26,577.98,577.98,122149910.0,1925469000000.0
VNINDEX,2016-03-15,577.98,578.96,572.59,574.04,574.04,138709820.0,2123086000000.0
VNINDEX,2016-03-16,573.88,577.96,573.37,577.07,577.07,136468340.0,1854386000000.0
VNINDEX,2016-03-17,581.55,583.53,577.07,579.26,579.26,138979300.0,2155539000000.0
VNINDEX,2016-03-18,579.95,580.81,575.44,575.82,575.82,174479180.0,2941702000000.0
VNINDEX,2016-03-21,577.65,580.83,572.27,572.27,572.27,143174710.0,2058253000000.0
VNINDEX,2016-03-22,572.27,573.8,567.8,570.91,570.91,122908350.0,1858805000000.0
VNINDEX,2016-03-23,570.74,575.22,570.39,574.71,574.71,130484410.0,1861312000000.0
VNINDEX,2016-03-24,573.93,577.21,570.66,570.66,570.66,140016320.0,2082000000000.0
VNINDEX,2016-03-25,569.48,572.48,564.88,572.08,572.08,132179760.0,1955069000000.0
VNINDEX,2016-03-28,573.69,576.0,571.58,575.72,575.72,110847230.0,1667951000000.0
VNINDEX,2016-03-29,575.63,576.07,568.28,568.28,568.28,132208830.0,2066973000000.0
VNINDEX,2016-03-30,566.08,571.89,565.55,569.91,569.91,122483990.0,1766500000000.0
VNINDEX,2016-03-31,569.04,570.94,561.22,561.22,561.22,145622010.0,2145417000000.0
VNINDEX,2016-04-01,560.64,562.73,557.96,558.43,558.43,116291160.0,1742509000000.0
VNINDEX,2016-04-04,557.56,560.92,554.3,555.82,555.82,108879400.0,1455863000000.0
VNINDEX,2016-04-05,555.98,560.32,555.15,560.32,560.32,112083100.0,1424048000000.0
VNINDEX,2016-04-06,561.94,567.79,560.32,567.79,567.79,98446140.0,1483672000000.0
VNINDEX,2016-04-07,570.72,572.56,567.01,571.6,571.6,117899000.0,2042263000000.0
VNINDEX,2016-04-08,571.21,574.46,569.09,572.34,572.34,111494890.0,1989006000000.0
VNINDEX,2016-04-11,575.11,581.88,572.34,579.27,579.27,129672410.0,2243887000000.0
VNINDEX,2016-04-12,580.9,582.97,577.17,579.84,579.84,138441020.0,2226843000000.0
VNINDEX,2016-04-13,580.77,582.81,575.65,578.02,578.02,130580530.0,2017588000000.0
VNINDEX,2016-04-14,575.69,584.81,575.69,579.49,579.49,116828500.0,1809150000000.0
VNINDEX,2016-04-15,581.54,586.36,579.49,579.86,579.86,115434580.0,1910934000000.0
VNINDEX,2016-04-19,578.32,579.86,568.28,568.28,568.28,125494660.0,2104675000000.0
VNINDEX,2016-04-20,569.8,571.71,565.3,568.03,568.03,108698890.0,2029737000000.0
VNINDEX,2016-04-21,571.19,577.41,568.03,575.73,575.73,100001650.0,1839784000000.0
VNINDEX,2016-04-22,574.57,592.48,574.57,592.48,592.48,129715110.0,2315995000000.0
VNINDEX,2016-04-25,597.91,601.61,591.58,591.58,591.58,130328090.0,2172915000000.0
VNINDEX,2016-04-26,590.99,598.48,590.19,598.48,598.48,132299250.0,2036347000000.0
VNINDEX,2016-04-27,601.79,601.79,591.35,593.96,593.96,134182560.0,2029116000000.0
VNINDEX,2016-04-28,594.98,597.28,589.97,591.67,591.67,93972640.0,1590434000000.0
VNINDEX,2016-04-29,591.2,599.71,591.2,598.37,598.37,110249170.0,1902652000000.0
VNINDEX,2016-05-04,595.95,603.08,592.43,599.07,599.07,131845850.0,2161201000000.0
VNINDEX,2016-05-05,600.66,605.21,599.07,601.51,601.51,120477340.0,2206406000000.0
VNINDEX,2016-05-06,602.4,608.94,601.51,606.52,606.52,112392550.0,2017691000000.0
VNINDEX,2016-05-09,610.92,612.97,603.85,603.85,603.85,104924490.0,1916467000000.0
VNINDEX,2016-05-10,600.35,605.46,597.74,605.05,605.05,107969340.0,1840607000000.0
VNINDEX,2016-05-11,606.6,614.06,605.05,614.06,614.06,104825550.0,1779538000000.0
VNINDEX,2016-05-12,615.55,617.56,612.12,612.12,612.12,86443000.0,1472894000000.0
VNINDEX,2016-05-13,612.32,615.3,608.04,610.82,610.82,105664260.0,1773301000000.0
VNINDEX,2016-05-16,610.13,616.17,608.49,615.78,615.78,90052840.0,1551392000000.0
VNINDEX,2016-05-17,615.78,626.12,615.78,624.75,624.75,115897490.0,2051867000000.0
VNINDEX,2016-05-18,625.53,627.81,621.79,622.45,622.45,113334020.0,1892892000000.0
VNINDEX,2016-05-19,622.45,623.68,618.13,619.2,619.2,114101600.0,1674208000000.0
VNINDEX,2016-05-20,620.72,622.48,614.41,614.81,614.81,89149920.0,1596312000000.0
VNINDEX,2016-05-23,616.11,616.83,610.45,611.03,611.03,76048000.0,1395619000000.0
VNINDEX,2016-05-24,612.23,613.14,608.15,611.62,611.62,95291860.0,1619678000000.0
VNINDEX,2016-05-25,613.96,616.38,611.62,611.89,611.89,95083720.0,1716675000000.0
VNINDEX,2016-05-26,611.88,613.37,604.34,604.34,604.34,94315520.0,1724381000000.0
VNINDEX,2016-05-27,604.36,609.94,603.23,608.11,608.11,89451950.0,1409214000000.0
VNINDEX,2016-05-30,609.98,615.52,608.11,614.5,614.5,101592220.0,1645960000000.0
VNINDEX,2016-05-31,616.22,621.14,614.5,618.44,618.44,107263420.0,1780212000000.0
VNINDEX,2016-06-01,618.18,620.24,616.33,619.86,619.86,99621940.0,1754848000000.0
VNINDEX,2016-06-02,619.19,624.52,618.38,623.37,623.37,121673350.0,1772686000000.0
VNINDEX,2016-06-03,623.21,625.19,621.62,621.88,621.88,118623250.0,1860863000000.0
VNINDEX,2016-06-06,621.09,624.55,616.98,620.05,620.05,118056660.0,1932818000000.0
VNINDEX,2016-06-07,622.4,624.69,620.05,624.65,624.65,110324920.0,1646142000000.0
VNINDEX,2016-06-08,626.84,632.68,624.65,627.87,627.87,126007920.0,2132222000000.0
VNINDEX,2016-06-09,628.4,631.26,626.27,631.26,631.26,116305850.0,1850445000000.0
VNINDEX,2016-06-10,629.95,633.47,628.56,629.84,629.84,128956410.0,2086550000000.0
VNINDEX,2016-06-13,626.26,629.84,621.4,623.58,623.58,116019850.0,1863773000000.0
VNINDEX,2016-06-14,621.63,626.4,619.13,625.43,625.43,91855620.0,1684046000000.0
VNINDEX,2016-06-15,624.63,628.75,621.76,627.02,627.02,103688580.0,1755197000000.0
VNINDEX,2016-06-16,627.38,630.21,625.11,625.11,625.11,116946030.0,1994459000000.0
VNINDEX,2016-06-17,622.92,625.11,618.16,619.25,619.25,143556820.0,2801809000000.0
VNINDEX,2016-06-20,622.04,626.46,619.25,626.46,626.46,94668940.0,1733049000000.0
VNINDEX,2016-06-21,629.03,631.96,626.46,628.0,628.0,108039570.0,2079582000000.0
VNINDEX,2016-06-22,628.77,629.95,625.81,626.41,626.41,93532050.0,1749338000000.0
VNINDEX,2016-06-23,626.47,632.6,626.41,632.27,632.27,105504580.0,2061158000000.0
VNINDEX,2016-06-24,631.77,632.27,597.68,620.77,620.77,261918720.0,4633613000000.0
VNINDEX,2016-06-27,616.19,621.27,608.26,621.27,621.27,101848790.0,1711022000000.0
VNINDEX,2016-06-28,617.68,624.85,617.65,622.2,622.2,76760240.0,1675974000000.0
VNINDEX,2016-06-29,623.56,631.25,622.2,630.12,630.12,112462110.0,2306334000000.0
VNINDEX,2016-06-30,633.17,637.46,630.12,632.26,632.26,98962380.0,2030774000000.0
VNINDEX,2016-07-01,632.26,643.55,632.26,640.3,640.3,106680860.0,2390139000000.0
VNINDEX,2016-07-04,643.11,647.96,640.3,647.96,647.96,124739440.0,2473578000000.0
VNINDEX,2016-07-05,650.47,658.45,647.52,650.88,650.88,140291590.0,2827181000000.0
VNINDEX,2016-07-06,646.8,652.36,644.07,649.46,649.46,117964860.0,2359674000000.0
VNINDEX,2016-07-07,652.49,661.12,649.46,661.12,661.12,129978090.0,2716693000000.0
VNINDEX,2016-07-08,661.07,665.53,655.91,658.68,658.68,131771190.0,2773407000000.0
VNINDEX,2016-07-11,658.92,664.89,648.77,652.26,652.26,146603000.0,2931423000000.0
VNINDEX,2016-07-12,652.81,658.9,649.86,658.9,658.9,149111960.0,2652611000000.0
VNINDEX,2016-07-13,662.04,676.06,658.9,675.12,675.12,138191450.0,2797019000000.0
VNINDEX,2016-07-14,675.66,681.75,666.69,666.69,666.69,151875760.0,3023261000000.0
VNINDEX,2016-07-15,666.69,670.18,661.47,664.56,664.56,116431130.0,2180097000000.0
VNINDEX,2016-07-18,664.12,673.5,662.25,673.5,673.5,122747960.0,2187771000000.0
VNINDEX,2016-07-19,675.89,677.35,660.09,667.76,667.76,131065770.0,2681252000000.0
VNINDEX,2016-07-20,667.86,667.86,660.26,660.26,660.26,124236040.0,2180170000000.0
VNINDEX,2016-07-21,662.72,665.9,656.03,659.57,659.57,104595900.0,2143201000000.0
VNINDEX,2016-07-22,657.15,659.57,640.26,649.87,649.87,140165020.0,2726917000000.0
VNINDEX,2016-07-25,651.33,654.17,646.04,649.3,649.3,86417730.0,1545792000000.0
VNINDEX,2016-07-26,648.58,651.93,642.91,648.59,648.59,97294620.0,1771462000000.0
VNINDEX,2016-07-27,647.98,656.11,647.74,656.11,656.11,111641380.0,1950592000000.0
VNINDEX,2016-07-28,655.81,657.2,649.86,657.14,657.14,115778190.0,2233052000000.0
VNINDEX,2016-07-29,654.19,657.88,650.98,652.23,652.23,112283210.0,2034214000000.0
VNINDEX,2016-08-01,655.38,655.38,646.02,648.38,648.38,89725910.0,1865637000000.0
VNINDEX,2016-08-02,643.2,643.2,633.33,636.05,636.05,136282920.0,2571785000000.0
VNINDEX,2016-08-03,632.98,634.75,627.66,631.61,631.61,87450230.0,1709535000000.0
VNINDEX,2016-08-04,633.74,641.02,631.61,631.94,631.94,103788220.0,1792179000000.0
VNINDEX,2016-08-05,629.69,631.94,622.49,627.39,627.39,118503020.0,1982408000000.0
VNINDEX,2016-08-08,627.39,629.91,622.14,629.46,629.46,84086130.0,1426856000000.0
VNINDEX,2016-08-09,629.66,637.34,629.46,637.34,637.34,87156930.0,1791204000000.0
VNINDEX,2016-08-10,637.21,648.48,637.21,648.33,648.33,107876940.0,2126243000000.0
VNINDEX,2016-08-11,649.27,660.24,648.31,660.24,660.24,134679480.0,2467916000000.0
VNINDEX,2016-08-12,665.14,668.52,652.67,655.71,655.71,117895560.0,2436176000000.0
VNINDEX,2016-08-15,654.06,659.47,653.64,659.47,659.47,114355970.0,2121431000000.0
VNINDEX,2016-08-16,659.47,662.13,656.83,658.11,658.11,128458110.0,2591712000000.0
VNINDEX,2016-08-17,659.46,660.76,657.06,660.51,660.51,113028710.0,2568752000000.0
VNINDEX,2016-08-18,663.56,665.94,656.35,660.65,660.65,120153620.0,2642361000000.0
VNINDEX,2016-08-19,664.09,666.93,659.64,662.28,662.28,101326960.0,2593140000000.0
VNINDEX,2016-08-22,662.87,664.95,657.68,657.68,657.68,109755080.0,2030975000000.0
VNINDEX,2016-08-23,653.58,659.16,652.88,659.16,659.16,90296880.0,1944757000000.0
VNINDEX,2016-08-24,660.95,665.43,659.16,660.77,660.77,98306840.0,2204291000000.0
VNINDEX,2016-08-25,660.77,660.77,656.49,658.5,658.5,106715930.0,2144811000000.0
VNINDEX,2016-08-26,662.9,668.84,658.5,667.75,667.75,109742770.0,2203266000000.0
VNINDEX,2016-08-29,670.71,679.62,667.75,669.44,669.44,108603910.0,2657418000000.0
VNINDEX,2016-08-30,667.96,672.67,666.33,672.67,672.67,87433660.0,2014494000000.0
VNINDEX,2016-08-31,673.1,676.26,671.39,674.63,674.63,93678790.0,2351055000000.0
VNINDEX,2016-09-01,674.19,674.72,664.77,669.19,669.19,93925040.0,2351488000000.0
VNINDEX,2016-09-05,669.3,670.08,660.31,664.55,664.55,103165760.0,2524368000000.0
VNINDEX,2016-09-06,666.38,668.4,663.9,663.9,663.9,87906400.0,2185317000000.0
VNINDEX,2016-09-07,663.05,663.9,656.22,661.28,661.28,88001900.0,2533395000000.0
VNINDEX,2016-09-08,661.89,668.2,660.54,666.07,666.07,112626590.0,2729736000000.0
VNINDEX,2016-09-09,669.24,672.39,666.07,666.88,666.88,95443360.0,2272419000000.0
VNINDEX,2016-09-12,665.77,666.88,655.55,659.76,659.76,88571280.0,1982534000000.0
VNINDEX,2016-09-13,658.61,661.74,654.95,659.72,659.72,81226280.0,1852050000000.0
VNINDEX,2016-09-14,658.16,661.82,656.64,656.64,656.64,92963250.0,1553108000000.0
VNINDEX,2016-09-15,657.46,660.32,654.84,656.18,656.18,105042470.0,1716018000000.0
VNINDEX,2016-09-16,654.68,657.53,651.31,651.31,651.31,184317130.0,3961282000000.0
VNINDEX,2016-09-19,651.31,658.35,651.31,657.89,657.89,104346850.0,2325827000000.0
VNINDEX,2016-09-20,656.2,663.37,653.28,663.37,663.37,100488650.0,2285370000000.0
VNINDEX,2016-09-21,663.12,668.83,662.79,668.48,668.48,134825820.0,2510720000000.0
VNINDEX,2016-09-22,668.48,675.36,668.48,671.38,671.38,112590640.0,2269631000000.0
VNINDEX,2016-09-23,670.73,674.09,670.3,674.09,674.09,99084600.0,1986610000000.0
VNINDEX,2016-09-26,673.21,677.04,671.51,677.04,677.04,91962260.0,2012819000000.0
VNINDEX,2016-09-27,676.61,684.89,676.24,684.89,684.89,114619350.0,2330686000000.0
VNINDEX,2016-09-28,684.99,687.94,682.98,686.72,686.72,111611020.0,2299600000000.0
VNINDEX,2016-09-29,689.82,692.17,685.91,688.55,688.55,109744020.0,2619881000000.0
VNINDEX,2016-09-30,688.55,689.12,684.62,685.73,685.73,102428270.0,2301086000000.0
VNINDEX,2016-10-03,687.68,688.42,681.99,683.05,683.05,108518940.0,2214361000000.0
VNINDEX,2016-10-04,682.82,689.17,680.24,684.2,684.2,111596870.0,2808706000000.0
VNINDEX,2016-10-05,686.41,689.5,684.2,687.04,687.04,106465620.0,1991550000000.0
VNINDEX,2016-10-06,687.04,690.93,687.04,687.32,687.32,140750840.0,2375460000000.0
VNINDEX,2016-10-07,689.51,690.19,680.26,683.95,683.95,128813490.0,2497859000000.0
VNINDEX,2016-10-10,684.05,684.46,674.19,674.19,674.19,119618540.0,1961177000000.0
VNINDEX,2016-10-11,677.63,682.36,669.2,682.36,682.36,126164240.0,2472634000000.0
VNINDEX,2016-10-12,683.88,686.18,681.12,682.45,682.45,107650470.0,1779026000000.0
VNINDEX,2016-10-13,680.73,685.23,678.79,685.23,685.23,117761130.0,1877091000000.0
VNINDEX,2016-10-14,685.06,690.62,684.78,687.0,687.0,134713710.0,2158645000000.0
VNINDEX,2016-10-17,687.18,687.94,680.95,680.95,680.95,106149330.0,1717377000000.0
VNINDEX,2016-10-18,680.44,682.99,678.13,682.02,682.02,100861180.0,1598618000000.0
VNINDEX,2016-10-19,683.83,689.88,682.02,688.89,688.89,122285570.0,2112816000000.0
VNINDEX,2016-10-20,690.45,690.86,685.63,686.39,686.39,105841240.0,1794437000000.0
VNINDEX,2016-10-21,685.77,687.54,683.76,684.83,684.83,111996670.0,1825795000000.0
VNINDEX,2016-10-24,683.14,684.83,677.89,678.02,678.02,91994310.0,1836121000000.0
VNINDEX,2016-10-25,676.29,678.02,670.6,676.18,676.18,108040420.0,1820612000000.0
VNINDEX,2016-10-26,676.18,676.18,670.8,673.61,673.61,91924690.0,1409461000000.0
VNINDEX,2016-10-27,672.81,676.9,671.61,676.9,676.9,85549590.0,1512022000000.0
VNINDEX,2016-10-28,676.74,682.25,675.85,682.25,682.25,103029880.0,1754748000000.0
VNINDEX,2016-10-31,682.11,683.34,675.8,675.8,675.8,114359980.0,1836290000000.0
VNINDEX,2016-11-01,675.13,676.6,672.33,676.6,676.6,103639100.0,1596504000000.0
VNINDEX,2016-11-02,675.68,678.14,671.4,671.4,671.4,128028220.0,1892055000000.0
VNINDEX,2016-11-03,668.66,671.4,661.86,667.63,667.63,114149680.0,2022210000000.0
VNINDEX,2016-11-04,666.93,668.99,665.08,666.73,666.73,74501640.0,1342658000000.0
VNINDEX,2016-11-07,667.12,674.36,666.61,674.14,674.14,85765640.0,1594746000000.0
VNINDEX,2016-11-08,675.82,677.91,674.14,676.46,676.46,76809310.0,1497341000000.0
VNINDEX,2016-11-09,675.57,676.46,656.68,670.26,670.26,129295660.0,2858131000000.0
VNINDEX,2016-11-10,675.36,678.57,670.26,678.17,678.17,104949190.0,1940315000000.0
VNINDEX,2016-11-11,678.38,679.56,676.73,679.2,679.2,96643530.0,1668148000000.0
VNINDEX,2016-11-14,677.13,679.96,672.45,673.05,673.05,111746400.0,2227926000000.0
VNINDEX,2016-11-15,673.75,675.73,671.55,674.26,674.26,105063790.0,1994429000000.0
VNINDEX,2016-11-16,674.85,676.9,673.95,674.6,674.6,101849580.0,1956495000000.0
VNINDEX,2016-11-17,674.5,676.48,673.13,674.57,674.57,119114290.0,1891857000000.0
VNINDEX,2016-11-18,673.82,675.15,669.18,673.25,673.25,96180820.0,1934602000000.0
VNINDEX,2016-11-21,673.2,675.04,671.65,674.29,674.29,96259290.0,1786024000000.0
VNINDEX,2016-11-22,675.23,681.91,674.29,681.91,681.91,106091280.0,1956933000000.0
VNINDEX,2016-11-23,681.17,684.12,679.81,683.16,683.16,109567320.0,2335464000000.0
VNINDEX,2016-11-24,683.61,683.61,676.39,678.18,678.18,117535460.0,2255626000000.0
VNINDEX,2016-11-25,678.47,678.87,671.48,675.87,675.87,108508330.0,2313991000000.0
VNINDEX,2016-11-28,672.38,675.87,660.96,665.29,665.29,94780590.0,2245503000000.0
VNINDEX,2016-11-29,665.29,667.79,658.26,658.26,658.26,111403350.0,2243551000000.0
VNINDEX,2016-11-30,658.44,665.78,654.99,665.07,665.07,114615070.0,2758695000000.0
VNINDEX,2016-12-01,670.75,670.81,665.07,666.54,666.54,107595370.0,2227401000000.0
VNINDEX,2016-12-02,667.02,667.39,662.09,665.14,665.14,106686310.0,2202879000000.0
VNINDEX,2016-12-05,663.06,665.14,658.11,660.21,660.21,87046840.0,1855025000000.0
VNINDEX,2016-12-06,660.68,660.77,648.37,651.49,651.49,117959770.0,2159402000000.0
VNINDEX,2016-12-07,648.63,654.13,647.33,653.53,653.53,103888420.0,1981938000000.0
VNINDEX,2016-12-08,655.48,660.72,653.53,658.89,658.89,90795790.0,1696878000000.0
VNINDEX,2016-12-09,659.46,664.46,658.89,663.07,663.07,78952540.0,1572215000000.0
VNINDEX,2016-12-12,663.7,664.67,658.84,659.7,659.7,94354370.0,1857913000000.0
VNINDEX,2016-12-13,662.27,663.54,654.34,654.66,654.66,111295270.0,1929734000000.0
VNINDEX,2016-12-14,657.39,665.14,654.66,665.14,665.14,193818950.0,1950291000000.0
VNINDEX,2016-12-15,668.07,668.07,664.08,665.92,665.92,107135600.0,1941840000000.0
VNINDEX,2016-12-16,670.43,675.19,665.92,675.16,675.16,155852900.0,2835720000000.0
VNINDEX,2016-12-19,673.98,679.9,673.88,674.33,674.33,107077510.0,1894931000000.0
VNINDEX,2016-12-20,673.93,674.33,662.66,662.66,662.66,92611080.0,1886167000000.0
VNINDEX,2016-12-21,662.36,667.06,657.4,666.94,666.94,81853840.0,1829647000000.0
VNINDEX,2016-12-22,669.01,669.95,663.7,664.15,664.15,86269460.0,1760007000000.0
VNINDEX,2016-12-23,663.75,664.37,659.18,664.37,664.37,71130690.0,1532882000000.0
VNINDEX,2016-12-26,665.67,665.73,662.09,662.45,662.45,67222150.0,1401799000000.0
VNINDEX,2016-12-27,662.66,665.5,661.41,663.86,663.86,95439190.0,1984039000000.0
VNINDEX,2016-12-28,665.9,666.64,661.8,663.5,663.5,101515250.0,1980400000000.0
VNINDEX,2016-12-29,666.43,666.43,663.5,664.72,664.72,99258500.0,1837335000000.0
VNINDEX,2016-12-30,664.17,665.49,663.39,664.87,664.87,90079350.0,1869308000000.0
VNINDEX,2017-01-03,665.92,672.34,664.87,672.01,672.01,79722150.0,1636578000000.0
VNINDEX,2017-01-04,672.58,675.93,672.01,674.7,674.7,92272970.0,1794245000000.0
VNINDEX,2017-01-05,674.82,675.92,673.31,675.81,675.81,92730250.0,1779722000000.0
VNINDEX,2017-01-06,675.35,683.76,675.22,679.8,679.8,110693880.0,2289993000000.0
VNINDEX,2017-01-09,681.74,684.88,679.8,682.57,682.57,87669150.0,1953640000000.0
VNINDEX,2017-01-10,682.77,683.02,680.76,681.07,681.07,78938330.0,1673499000000.0
VNINDEX,2017-01-11,680.85,687.16,680.85,687.16,687.16,96436620.0,1896913000000.0
VNINDEX,2017-01-12,688.71,688.99,685.59,686.96,686.96,102618340.0,1821783000000.0
VNINDEX,2017-01-13,686.58,688.62,685.06,685.06,685.06,82154930.0,1698708000000.0
VNINDEX,2017-01-16,684.62,685.06,677.85,677.94,677.94,75653000.0,1684774000000.0
VNINDEX,2017-01-17,678.83,684.73,677.94,684.71,684.71,94122750.0,1765716000000.0
VNINDEX,2017-01-18,683.74,688.07,683.28,683.28,683.28,84747220.0,1624123000000.0
VNINDEX,2017-01-19,683.02,684.19,680.8,682.31,682.31,69116870.0,1542767000000.0
VNINDEX,2017-01-20,684.05,688.42,682.31,686.26,686.26,80002540.0,1770079000000.0
VNINDEX,2017-01-23,687.83,689.47,686.26,687.15,687.15,75819770.0,1640175000000.0
VNINDEX,2017-01-24,687.08,692.75,687.08,691.36,691.36,92469490.0,1495991000000.0
VNINDEX,2017-01-25,693.07,697.28,691.19,697.28,697.28,89264010.0,1692958000000.0
VNINDEX,2017-02-02,699.8,703.2,697.28,703.18,703.18,82087680.0,1750883000000.0
VNINDEX,2017-02-03,704.69,708.1,700.09,700.35,700.35,119245930.0,2279480000000.0
VNINDEX,2017-02-06,702.02,702.02,696.92,700.04,700.04,115778520.0,2219489000000.0
VNINDEX,2017-02-07,699.99,703.3,698.99,701.91,701.91,151054580.0,2823057000000.0
VNINDEX,2017-02-08,702.67,702.77,700.47,702.04,702.04,131165280.0,2187801000000.0
VNINDEX,2017-02-09,700.93,702.64,700.21,700.65,700.65,138319070.0,2794296000000.0
VNINDEX,2017-02-10,701.15,704.08,700.65,703.78,703.78,129013870.0,2704819000000.0
VNINDEX,2017-02-13,704.61,706.47,703.58,705.9,705.9,157769440.0,2622457000000.0
VNINDEX,2017-02-14,706.41,707.32,703.85,706.26,706.26,168969680.0,2972199000000.0
VNINDEX,2017-02-15,706.84,711.73,706.26,711.57,711.57,151078130.0,2851572000000.0
VNINDEX,2017-02-16,712.61,717.57,709.35,709.35,709.35,189606490.0,3404302000000.0
VNINDEX,2017-02-17,709.52,710.21,705.84,707.83,707.83,158450940.0,3181836000000.0
VNINDEX,2017-02-20,705.72,711.4,704.41,710.59,710.59,186576990.0,3550868000000.0
VNINDEX,2017-02-21,711.49,718.06,710.59,716.55,716.55,198964070.0,3340397000000.0
VNINDEX,2017-02-22,717.77,719.09,715.36,717.24,717.24,213327160.0,3607989000000.0
VNINDEX,2017-02-23,717.49,719.58,712.36,716.87,716.87,211186560.0,3436799000000.0
VNINDEX,2017-02-24,716.35,717.94,713.7,714.47,714.47,231110920.0,3570232000000.0
VNINDEX,2017-02-27,711.7,718.37,711.7,717.44,717.44,176837480.0,3041677000000.0
VNINDEX,2017-02-28,718.24,719.14,710.79,710.79,710.79,183667860.0,3078762000000.0
VNINDEX,2017-03-01,710.7,712.49,705.79,709.52,709.52,210990750.0,3338513000000.0
VNINDEX,2017-03-02,712.68,713.53,707.51,707.51,707.51,164954280.0,2845977000000.0
VNINDEX,2017-03-03,708.23,712.62,705.83,712.62,712.62,163476620.0,2961713000000.0
VNINDEX,2017-03-06,714.61,718.04,712.62,716.29,716.29,156454410.0,3076745000000.0
VNINDEX,2017-03-07,716.46,716.95,714.27,716.54,716.54,176410350.0,3265385000000.0
VNINDEX,2017-03-08,715.04,718.78,713.89,716.6,716.6,162925560.0,3248713000000.0
VNINDEX,2017-03-09,715.86,718.23,714.96,715.8,715.8,185848150.0,3396170000000.0
VNINDEX,2017-03-10,715.85,716.81,712.21,712.21,712.21,185768420.0,3256099000000.0
VNINDEX,2017-03-13,711.93,712.63,707.63,710.17,710.17,128759590.0,2823392000000.0
VNINDEX,2017-03-14,709.9,716.49,709.29,714.71,714.71,125967610.0,2874585000000.0
VNINDEX,2017-03-15,715.63,716.49,713.14,713.14,713.14,129780600.0,3157314000000.0
VNINDEX,2017-03-16,712.56,715.03,710.66,714.92,714.92,162211940.0,3438642000000.0
VNINDEX,2017-03-17,715.82,717.1,710.54,710.54,710.54,235368610.0,4346497000000.0
VNINDEX,2017-03-20,711.44,717.54,710.54,715.07,715.07,158389540.0,3421775000000.0
VNINDEX,2017-03-21,717.03,718.8,714.78,716.18,716.18,201542690.0,3825721000000.0
VNINDEX,2017-03-22,715.78,720.68,712.94,712.94,712.94,254603740.0,4267186000000.0
VNINDEX,2017-03-23,712.61,719.56,712.61,719.56,719.56,176832200.0,3467735000000.0
VNINDEX,2017-03-24,719.56,724.36,719.56,722.14,722.14,200239900.0,3645375000000.0
VNINDEX,2017-03-27,723.23,725.57,721.41,723.52,723.52,207368740.0,3844750000000.0
VNINDEX,2017-03-28,724.37,725.0,718.66,719.26,719.26,186619270.0,3172943000000.0
VNINDEX,2017-03-29,719.08,721.92,718.37,720.47,720.47,168287240.0,3303424000000.0
VNINDEX,2017-03-30,721.87,725.91,720.47,723.86,723.86,180387150.0,3323140000000.0
VNINDEX,2017-03-31,725.97,726.67,722.31,722.31,722.31,181948510.0,3304991000000.0
VNINDEX,2017-04-03,723.02,724.37,721.58,722.38,722.38,177622570.0,3690348000000.0
VNINDEX,2017-04-04,723.7,724.67,722.38,724.14,724.14,187113780.0,3830128000000.0
VNINDEX,2017-04-05,724.89,726.03,722.49,723.22,723.22,196695940.0,3330330000000.0
VNINDEX,2017-04-07,721.85,727.95,720.28,727.95,727.95,189749220.0,3417339000000.0
VNINDEX,2017-04-10,728.71,730.9,727.77,729.87,729.87,144394030.0,3376715000000.0
VNINDEX,2017-04-11,730.15,732.24,729.87,731.33,731.33,196925240.0,3092338000000.0
VNINDEX,2017-04-12,731.62,732.87,724.48,725.58,725.58,213497770.0,3780762000000.0
VNINDEX,2017-04-13,725.54,727.34,723.88,724.35,724.35,168095740.0,3449490000000.0
VNINDEX,2017-04-14,722.47,724.35,714.13,718.45,718.45,183219950.0,3447365000000.0
VNINDEX,2017-04-17,718.93,721.78,710.83,710.83,710.83,154480780.0,3595585000000.0
VNINDEX,2017-04-18,708.64,714.93,705.55,714.93,714.93,156875940.0,3515217000000.0
VNINDEX,2017-04-19,714.87,716.77,714.02,716.77,716.77,142083700.0,2806847000000.0
VNINDEX,2017-04-20,716.76,716.77,712.66,712.66,712.66,125260870.0,2583598000000.0
VNINDEX,2017-04-21,712.77,715.08,711.08,712.41,712.41,132810730.0,3389472000000.0
VNINDEX,2017-04-24,711.6,712.77,709.39,709.39,709.39,129819360.0,2708354000000.0
VNINDEX,2017-04-25,709.0,709.81,706.04,707.58,707.58,116892890.0,2626912000000.0
VNINDEX,2017-04-26,706.36,710.04,706.32,710.04,710.04,133335260.0,3149319000000.0
VNINDEX,2017-04-27,711.74,716.53,710.04,716.53,716.53,163391220.0,3406216000000.0
VNINDEX,2017-04-28,715.9,718.54,713.83,717.73,717.73,175246010.0,3483298000000.0
VNINDEX,2017-05-03,718.7,719.54,716.66,719.54,719.54,169202320.0,3846222000000.0
VNINDEX,2017-05-04,717.98,723.22,717.98,722.02,722.02,199813840.0,4168748000000.0
VNINDEX,2017-05-05,720.39,722.02,719.86,720.0,720.0,179556590.0,3402296000000.0
VNINDEX,2017-05-08,720.61,720.61,717.98,718.86,718.86,200726210.0,4478712000000.0
VNINDEX,2017-05-09,718.86,722.11,716.95,722.11,722.11,208655200.0,4042333000000.0
VNINDEX,2017-05-10,721.94,727.52,721.81,724.31,724.31,207030020.0,4092817000000.0
VNINDEX,2017-05-11,724.84,726.82,723.39,724.99,724.99,184413680.0,4746266000000.0
VNINDEX,2017-05-12,724.63,726.4,724.41,725.37,725.37,175819610.0,3966073000000.0
VNINDEX,2017-05-15,725.25,726.19,723.18,725.35,725.35,225167770.0,4368083000000.0
VNINDEX,2017-05-16,725.84,727.86,725.03,725.03,725.03,283900810.0,5758836000000.0
VNINDEX,2017-05-17,724.01,728.01,722.81,727.2,727.2,198242340.0,4392942000000.0
VNINDEX,2017-05-18,727.2,729.0,723.8,726.99,726.99,207645900.0,4550846000000.0
VNINDEX,2017-05-19,727.61,733.82,726.79,733.82,733.82,205972150.0,5056940000000.0
VNINDEX,2017-05-22,738.63,746.87,733.82,744.1,744.1,239413310.0,5136459000000.0
VNINDEX,2017-05-23,744.32,746.18,740.28,740.93,740.93,259817630.0,4433265000000.0
VNINDEX,2017-05-24,739.91,744.27,737.3,742.74,742.74,198986780.0,4544923000000.0
VNINDEX,2017-05-25,744.24,746.48,740.89,741.91,741.91,192540470.0,4258998000000.0
VNINDEX,2017-05-26,741.4,743.46,740.6,743.41,743.41,182559820.0,3958130000000.0
VNINDEX,2017-05-29,746.08,748.06,743.41,746.25,746.25,238384880.0,4344485000000.0
VNINDEX,2017-05-30,747.07,747.43,738.21,738.21,738.21,243928000.0,4742979000000.0
VNINDEX,2017-05-31,738.91,741.93,735.39,737.82,737.82,186921890.0,4140762000000.0
VNINDEX,2017-06-01,739.45,742.23,737.82,741.8,741.8,136759270.0,3066385000000.0
VNINDEX,2017-06-02,741.48,742.11,736.09,738.81,738.81,158378400.0,3529179000000.0
VNINDEX,2017-06-05,739.13,745.14,738.35,743.49,743.49,157935290.0,3579388000000.0
VNINDEX,2017-06-06,743.99,751.31,743.49,751.31,751.31,170908710.0,3612610000000.0
VNINDEX,2017-06-07,752.75,754.92,751.31,753.46,753.46,192296070.0,4065695000000.0
VNINDEX,2017-06-08,751.7,753.46,748.91,750.13,750.13,177202590.0,3125831000000.0
VNINDEX,2017-06-09,749.46,752.01,749.04,749.72,749.72,170459930.0,3298247000000.0
VNINDEX,2017-06-12,751.33,753.41,749.0,751.09,751.09,168718560.0,3172807000000.0
VNINDEX,2017-06-13,751.09,756.89,750.1,756.89,756.89,161438210.0,3444204000000.0
VNINDEX,2017-06-14,758.26,761.7,756.82,760.77,760.77,171757200.0,3460746000000.0
VNINDEX,2017-06-15,760.38,762.98,758.17,760.57,760.57,167143760.0,3270238000000.0
VNINDEX,2017-06-16,761.75,762.43,759.98,761.24,761.24,197486960.0,4421201000000.0
VNINDEX,2017-06-19,763.75,766.83,761.24,766.83,766.83,178786350.0,3846675000000.0
VNINDEX,2017-06-20,767.59,768.29,764.42,767.99,767.99,173377770.0,3741282000000.0
VNINDEX,2017-06-21,765.71,767.99,758.9,767.41,767.41,192987680.0,3900665000000.0
VNINDEX,2017-06-22,768.41,769.99,766.3,766.3,766.3,195130690.0,3728455000000.0
VNINDEX,2017-06-23,765.66,769.01,763.64,769.01,769.01,212981340.0,3839718000000.0
VNINDEX,2017-06-26,770.5,773.14,769.01,772.52,772.52,212471680.0,3674352000000.0
VNINDEX,2017-06-27,773.15,773.4,767.19,767.51,767.51,217429450.0,3747127000000.0
VNINDEX,2017-06-28,766.82,769.04,762.78,769.04,769.04,183622000.0,3609052000000.0
VNINDEX,2017-06-29,771.26,773.08,769.04,771.75,771.75,196621010.0,3693533000000.0
VNINDEX,2017-06-30,773.46,776.5,771.75,776.47,776.47,174179020.0,3924769000000.0
VNINDEX,2017-07-03,777.2,780.01,775.53,778.88,778.88,183089860.0,3780990000000.0
VNINDEX,2017-07-04,779.15,779.15,772.9,775.54,775.54,209606010.0,3480406000000.0
VNINDEX,2017-07-05,775.85,778.32,773.81,778.32,778.32,202106760.0,3718684000000.0
VNINDEX,2017-07-06,780.5,782.77,778.32,782.65,782.65,217173310.0,4062116000000.0
VNINDEX,2017-07-07,783.73,783.81,775.73,775.73,775.73,236869460.0,4803303000000.0
VNINDEX,2017-07-10,775.85,775.85,764.43,766.56,766.56,206862760.0,4290182000000.0
VNINDEX,2017-07-11,766.56,769.36,761.57,769.36,769.36,198919540.0,4277959000000.0
VNINDEX,2017-07-12,772.6,775.08,769.36,774.17,774.17,162235990.0,3519904000000.0
VNINDEX,2017-07-13,777.12,778.3,773.85,778.3,778.3,183197650.0,3537629000000.0
VNINDEX,2017-07-14,779.72,780.65,776.88,777.6,777.6,189783920.0,3640693000000.0
VNINDEX,2017-07-17,777.7,778.3,766.47,768.91,768.91,225741190.0,4763299000000.0
VNINDEX,2017-07-18,766.88,770.37,762.68,767.49,767.49,201030700.0,4412017000000.0
VNINDEX,2017-07-19,771.33,774.12,767.49,771.3,771.3,205221150.0,4388674000000.0
VNINDEX,2017-07-20,768.56,771.3,763.55,768.41,768.41,172044210.0,3421224000000.0
VNINDEX,2017-07-21,768.41,770.43,761.86,761.86,761.86,162170690.0,3622030000000.0
VNINDEX,2017-07-24,759.97,761.86,753.82,759.74,759.74,146634440.0,2999493000000.0
VNINDEX,2017-07-25,757.43,767.27,757.35,767.27,767.27,139275580.0,4320059000000.0
VNINDEX,2017-07-26,769.35,773.88,764.92,773.88,773.88,188329880.0,3738820000000.0
VNINDEX,2017-07-27,773.21,774.97,770.3,771.5,771.5,191133410.0,3579415000000.0
VNINDEX,2017-07-28,771.5,777.09,770.82,777.09,777.09,176885110.0,4089633000000.0
VNINDEX,2017-07-31,777.54,783.58,776.72,783.55,783.55,258572540.0,4702529000000.0
VNINDEX,2017-08-01,784.44,787.68,783.55,786.81,786.81,200777410.0,3880065000000.0
VNINDEX,2017-08-02,783.45,788.97,779.81,786.23,786.23,194371000.0,4117627000000.0
VNINDEX,2017-08-03,786.23,790.82,786.19,788.49,788.49,195076710.0,4251382000000.0
VNINDEX,2017-08-04,789.46,790.12,786.09,788.68,788.68,189384280.0,3894312000000.0
VNINDEX,2017-08-07,789.41,796.09,788.66,792.98,792.98,209975060.0,3972417000000.0
VNINDEX,2017-08-08,795.8,796.62,789.84,791.57,791.57,213259870.0,4222404000000.0
VNINDEX,2017-08-09,789.15,791.57,773.66,773.66,773.66,292518130.0,5377969000000.0
VNINDEX,2017-08-10,769.58,776.77,769.58,773.43,773.43,177970820.0,3278007000000.0
VNINDEX,2017-08-11,773.43,774.31,769.14,772.08,772.08,155683720.0,3238512000000.0
VNINDEX,2017-08-14,770.65,776.42,770.65,776.17,776.17,159364310.0,3447151000000.0
VNINDEX,2017-08-15,776.64,776.83,770.09,771.06,771.06,145246450.0,2971763000000.0
VNINDEX,2017-08-16,771.1,773.57,766.8,773.57,773.57,155827180.0,3123231000000.0
VNINDEX,2017-08-17,773.48,774.47,767.59,767.59,767.59,220511410.0,5696218000000.0
VNINDEX,2017-08-18,762.82,770.79,762.46,768.97,768.97,162030610.0,3331676000000.0
VNINDEX,2017-08-21,767.42,769.71,765.95,768.79,768.79,152066140.0,3347271000000.0
VNINDEX,2017-08-22,768.2,768.79,760.3,761.26,761.26,144552110.0,2891615000000.0
VNINDEX,2017-08-23,762.42,765.98,759.01,765.98,765.98,152298600.0,2766030000000.0
VNINDEX,2017-08-24,766.48,771.65,764.64,769.77,769.77,207977110.0,3550258000000.0
VNINDEX,2017-08-25,769.07,771.63,768.57,771.63,771.63,218161930.0,3592997000000.0
VNINDEX,2017-08-28,771.81,777.26,770.51,777.26,777.26,240514120.0,4581319000000.0
VNINDEX,2017-08-29,773.91,777.26,773.87,774.03,774.03,255819890.0,4341762000000.0
VNINDEX,2017-08-30,774.31,778.65,773.85,778.65,778.65,193385350.0,3534103000000.0
VNINDEX,2017-08-31,779.19,785.78,778.19,782.76,782.76,191480380.0,4224931000000.0
VNINDEX,2017-09-01,784.42,789.19,782.76,788.73,788.73,137790430.0,3136967000000.0
VNINDEX,2017-09-05,790.26,794.46,787.8,792.31,792.31,152939790.0,3425840000000.0
VNINDEX,2017-09-06,792.16,793.82,788.89,793.55,793.55,143932540.0,3585402000000.0
VNINDEX,2017-09-07,793.61,798.58,792.77,796.72,796.72,143363910.0,3612415000000.0
VNINDEX,2017-09-08,797.98,802.9,796.72,801.2,801.2,120507550.0,3098784000000.0
VNINDEX,2017-09-11,801.2,805.44,797.47,797.47,797.47,138921010.0,3695861000000.0
VNINDEX,2017-09-12,795.53,801.01,794.88,799.94,799.94,133441200.0,3885588000000.0
VNINDEX,2017-09-13,802.85,804.38,799.94,802.78,802.78,138666280.0,3961207000000.0
VNINDEX,2017-09-14,803.34,807.29,802.78,806.32,806.32,139259690.0,3716634000000.0
VNINDEX,2017-09-15,803.35,806.32,802.08,805.82,805.82,141735180.0,4239540000000.0
VNINDEX,2017-09-18,808.51,809.39,805.37,807.87,807.87,167565130.0,3768157000000.0
VNINDEX,2017-09-19,807.87,810.13,805.87,805.93,805.93,159954080.0,3817526000000.0
VNINDEX,2017-09-20,806.88,807.51,803.33,805.86,805.86,137382510.0,3210032000000.0
VNINDEX,2017-09-21,805.29,806.52,802.6,803.93,803.93,130720110.0,3525714000000.0
VNINDEX,2017-09-22,805.15,808.16,803.93,807.13,807.13,150114240.0,3997230000000.0
VNINDEX,2017-09-25,806.9,807.64,802.23,805.58,805.58,125846590.0,3319076000000.0
VNINDEX,2017-09-26,806.4,806.84,801.66,805.35,805.35,155345720.0,3655377000000.0
VNINDEX,2017-09-27,803.32,805.35,801.74,803.77,803.77,141825470.0,3389611000000.0
VNINDEX,2017-09-28,803.1,810.35,803.1,804.82,804.82,161241440.0,3863321000000.0
VNINDEX,2017-09-29,805.07,808.77,804.42,804.42,804.42,122619610.0,3097330000000.0
VNINDEX,2017-10-02,805.29,808.09,801.7,802.23,802.23,101112650.0,2787195000000.0
VNINDEX,2017-10-03,803.98,804.39,795.05,798.0,798.0,148061070.0,3286867000000.0
VNINDEX,2017-10-04,797.39,805.66,797.0,805.66,805.66,109168660.0,2471182000000.0
VNINDEX,2017-10-05,806.56,810.54,805.22,805.23,805.23,138614890.0,3380163000000.0
VNINDEX,2017-10-06,805.7,808.13,803.81,807.8,807.8,119817300.0,2703587000000.0
VNINDEX,2017-10-09,809.61,810.75,806.78,808.96,808.96,128984920.0,3372082000000.0
VNINDEX,2017-10-10,808.43,810.65,806.3,810.65,810.65,137984210.0,3196982000000.0
VNINDEX,2017-10-11,811.2,815.11,810.65,813.95,813.95,162312110.0,3814826000000.0
VNINDEX,2017-10-12,814.43,818.44,813.72,815.87,815.87,136657590.0,3506292000000.0
VNINDEX,2017-10-13,814.6,820.95,814.2,820.95,820.95,141007860.0,3349592000000.0
VNINDEX,2017-10-16,821.54,823.85,819.43,819.43,819.43,149380810.0,4062736000000.0
VNINDEX,2017-10-17,819.51,828.29,819.43,828.29,828.29,162059280.0,3914846000000.0
VNINDEX,2017-10-18,829.43,831.15,826.72,827.72,827.72,181560570.0,4766504000000.0
VNINDEX,2017-10-19,828.89,831.61,825.5,828.93,828.93,143612720.0,4105853000000.0
VNINDEX,2017-10-20,827.93,833.57,826.84,826.84,826.84,175389990.0,4764362000000.0
VNINDEX,2017-10-23,826.25,827.24,818.81,820.04,820.04,194233280.0,4475832000000.0
VNINDEX,2017-10-24,818.08,825.24,814.92,825.24,825.24,139391360.0,6222820000000.0
VNINDEX,2017-10-25,826.08,830.69,822.83,830.69,830.69,120236890.0,4323850000000.0
VNINDEX,2017-10-26,829.94,834.67,823.92,830.11,830.11,166920850.0,4011407000000.0
VNINDEX,2017-10-27,829.15,840.37,828.45,840.37,840.37,125735360.0,3427783000000.0
VNINDEX,2017-10-30,842.92,849.3,840.37,845.2,845.2,161923610.0,4513091000000.0
VNINDEX,2017-10-31,844.27,845.93,837.28,837.28,837.28,159707190.0,4042912000000.0
VNINDEX,2017-11-01,838.75,842.88,837.28,842.71,842.71,154761890.0,3856574000000.0
VNINDEX,2017-11-02,842.19,849.53,833.09,833.09,833.09,174195640.0,4352305000000.0
VNINDEX,2017-11-03,833.16,843.73,831.58,843.73,843.73,149626500.0,4373410000000.0
VNINDEX,2017-11-06,846.12,849.09,843.73,849.09,849.09,128166040.0,6346575000000.0
VNINDEX,2017-11-07,850.2,854.6,847.88,850.33,850.33,150611750.0,20466759000000.0
VNINDEX,2017-11-08,853.15,863.07,850.33,859.7,859.7,147034760.0,5098200000000.0
VNINDEX,2017-11-09,862.38,864.2,858.16,860.4,860.4,142224340.0,4628023000000.0
VNINDEX,2017-11-10,859.91,869.37,859.24,868.21,868.21,149261910.0,5998531000000.0
VNINDEX,2017-11-13,871.7,879.34,868.21,879.34,879.34,186144640.0,13440075000000.0
VNINDEX,2017-11-14,881.15,884.14,874.74,880.9,880.9,168752870.0,9070967000000.0
VNINDEX,2017-11-15,877.65,884.83,876.6,882.59,882.59,162040730.0,6692298000000.0
VNINDEX,2017-11-16,880.17,892.8,880.17,892.8,892.8,169310530.0,7361697000000.0
VNINDEX,2017-11-17,893.99,898.11,886.86,890.69,890.69,166298700.0,5361076000000.0
VNINDEX,2017-11-20,890.34,903.55,889.55,903.55,903.55,144889070.0,5664806000000.0
VNINDEX,2017-11-21,907.51,929.89,903.55,918.3,918.3,207029980.0,6496848000000.0
VNINDEX,2017-11-22,921.13,932.66,918.3,932.66,932.66,181118270.0,6453933000000.0
VNINDEX,2017-11-23,938.31,943.15,927.0,933.7,933.7,204977410.0,5482344000000.0
VNINDEX,2017-11-24,930.52,937.54,924.65,935.57,935.57,199567030.0,6481518000000.0
VNINDEX,2017-11-27,933.38,947.06,931.29,938.61,938.61,225686210.0,5946851000000.0
VNINDEX,2017-11-28,939.1,943.45,933.59,941.21,941.21,323513450.0,8848041000000.0
VNINDEX,2017-11-29,943.46,952.14,940.4,952.14,952.14,205905090.0,5535571000000.0
VNINDEX,2017-11-30,956.17,960.11,949.93,949.93,949.93,224800960.0,6505351000000.0
VNINDEX,2017-12-01,952.76,960.33,949.93,960.33,960.33,203815960.0,5285868000000.0
VNINDEX,2017-12-04,962.47,972.53,960.33,970.02,970.02,251877270.0,6220031000000.0
VNINDEX,2017-12-05,972.28,974.8,953.3,953.3,953.3,236933350.0,7340498000000.0
VNINDEX,2017-12-06,950.21,953.3,932.64,947.64,947.64,224850640.0,6170917000000.0
VNINDEX,2017-12-07,950.23,954.24,932.68,938.65,938.65,162666510.0,4747533000000.0
VNINDEX,2017-12-08,938.41,944.75,930.29,940.16,940.16,152865680.0,5189649000000.0
VNINDEX,2017-12-11,930.17,940.16,917.45,917.45,917.45,169874880.0,4576971000000.0
VNINDEX,2017-12-12,927.67,931.12,895.73,927.25,927.25,224964010.0,5099688000000.0
VNINDEX,2017-12-13,932.05,932.48,922.97,924.4,924.4,124212210.0,2997680000000.0
VNINDEX,2017-12-14,925.51,936.29,923.99,935.85,935.85,153866350.0,3145595000000.0
VNINDEX,2017-12-15,933.63,939.57,932.96,935.16,935.16,229216880.0,5622603000000.0
VNINDEX,2017-12-18,945.9,958.06,935.16,958.06,958.06,226273570.0,4470853000000.0
VNINDEX,2017-12-19,961.03,963.01,951.25,951.42,951.42,206136520.0,4830471000000.0
VNINDEX,2017-12-20,945.12,958.82,945.12,953.51,953.51,174030140.0,4283903000000.0
VNINDEX,2017-12-21,949.45,957.56,946.06,946.06,946.06,146624770.0,4289022000000.0
VNINDEX,2017-12-22,947.54,952.7,945.18,952.32,952.32,143495140.0,3663524000000.0
VNINDEX,2017-12-25,954.28,958.57,952.32,958.31,958.31,116010980.0,2913630000000.0
VNINDEX,2017-12-26,960.32,965.93,957.24,965.93,965.93,133958700.0,3436198000000.0
VNINDEX,2017-12-27,969.72,972.6,965.18,968.46,968.46,177579850.0,4309689000000.0
VNINDEX,2017-12-28,970.63,978.65,967.73,976.72,976.72,143823500.0,3862545000000.0
VNINDEX,2017-12-29,978.39,990.1,976.33,984.24,984.24,180745040.0,5022648000000.0
VNINDEX,2018-01-02,986.05,996.18,984.24,995.77,995.77,172887390.0,5117847000000.0
VNINDEX,2018-01-03,999.86,1010.21,995.77,1005.67,1005.67,212432620.0,5670945000000.0
VNINDEX,2018-01-04,1009.37,1019.75,1005.67,1019.75,1019.75,235169670.0,5449825000000.0
VNINDEX,2018-01-05,1020.34,1020.6,1010.65,1012.65,1012.65,265519370.0,6723524000000.0
VNINDEX,2018-01-08,1011.36,1022.9,1004.89,1022.9,1022.9,234755510.0,5848099000000.0
VNINDEX,2018-01-09,1027.14,1033.56,1017.86,1033.56,1033.56,290084770.0,7050778000000.0
VNINDEX,2018-01-10,1034.64,1045.63,1033.01,1038.11,1038.11,341357050.0,8115282000000.0
VNINDEX,2018-01-11,1037.03,1049.73,1031.13,1048.17,1048.17,287475230.0,6661470000000.0
VNINDEX,2018-01-12,1050.17,1057.88,1046.38,1050.11,1050.11,320360390.0,8346773000000.0
VNINDEX,2018-01-15,1049.91,1063.47,1043.15,1063.47,1063.47,256162550.0,6421670000000.0
VNINDEX,2018-01-16,1059.36,1065.39,1052.43,1062.96,1062.96,293639170.0,6992323000000.0
VNINDEX,2018-01-17,1061.98,1064.77,1034.69,1034.69,1034.69,292935050.0,7018821000000.0
VNINDEX,2018-01-18,1028.76,1050.25,1020.01,1050.25,1050.25,255862000.0,6622629000000.0
VNINDEX,2018-01-19,1054.33,1067.21,1050.25,1062.07,1062.07,278991720.0,8229772000000.0
VNINDEX,2018-01-22,1066.86,1088.05,1062.07,1087.42,1087.42,245828390.0,6845013000000.0
VNINDEX,2018-01-25,1098.44,1117.08,1087.42,1104.57,1104.57,445093320.0,12172595000000.0
VNINDEX,2018-01-26,1119.78,1123.83,1103.06,1115.64,1115.64,260458080.0,7552041000000.0
VNINDEX,2018-01-29,1121.78,1130.1,1109.8,1109.8,1109.8,262950750.0,7495537000000.0
VNINDEX,2018-01-30,1099.98,1110.56,1092.44,1110.56,1110.56,287373350.0,8057307000000.0
VNINDEX,2018-01-31,1112.23,1128.1,1104.98,1110.36,1110.36,312604460.0,8332019000000.0
VNINDEX,2018-02-01,1111.74,1111.74,1090.25,1099.67,1099.67,232731350.0,5972114000000.0
VNINDEX,2018-02-02,1098.66,1105.04,1091.06,1105.04,1105.04,172355740.0,5061614000000.0
VNINDEX,2018-02-05,1089.62,1105.04,1048.71,1048.71,1048.71,247588300.0,6459349000000.0
VNINDEX,2018-02-06,1026.08,1048.71,983.06,1011.6,1011.6,364062610.0,9465513000000.0
VNINDEX,2018-02-07,1040.53,1048.54,1011.6,1040.55,1040.55,208175340.0,5263428000000.0
VNINDEX,2018-02-08,1031.46,1040.55,1023.25,1023.25,1023.25,160428360.0,3590734000000.0
VNINDEX,2018-02-09,991.09,1023.25,973.78,1003.94,1003.94,199142350.0,4955481000000.0
VNINDEX,2018-02-12,1011.64,1041.79,1003.94,1041.79,1041.79,161845590.0,4700073000000.0
VNINDEX,2018-02-13,1053.31,1060.48,1041.79,1059.73,1059.73,157658460.0,4323257000000.0
VNINDEX,2018-02-21,1073.33,1092.65,1059.73,1087.15,1087.15,164692440.0,5047210000000.0
VNINDEX,2018-02-22,1087.15,1091.62,1074.27,1076.03,1076.03,184744120.0,5267756000000.0
VNINDEX,2018-02-23,1086.81,1102.85,1076.03,1102.85,1102.85,176860900.0,5605525000000.0
VNINDEX,2018-02-26,1115.9,1127.57,1102.85,1114.53,1114.53,221007650.0,6944352000000.0
VNINDEX,2018-02-27,1124.03,1124.03,1106.77,1119.61,1119.61,175173280.0,5460669000000.0
VNINDEX,2018-02-28,1110.3,1129.89,1109.89,1121.54,1121.54,213021280.0,6821052000000.0
VNINDEX,2018-03-01,1121.54,1129.3,1110.92,1115.79,1115.79,206848850.0,6403101000000.0
VNINDEX,2018-03-02,1103.16,1121.91,1103.16,1121.21,1121.21,187867230.0,5836908000000.0
VNINDEX,2018-03-05,1129.92,1132.69,1093.48,1093.48,1093.48,252480370.0,7916231000000.0
VNINDEX,2018-03-06,1106.28,1120.29,1091.67,1120.29,1120.29,210087900.0,6134742000000.0
VNINDEX,2018-03-07,1121.99,1126.67,1103.29,1112.26,1112.26,239649590.0,6187297000000.0
VNINDEX,2018-03-08,1112.24,1126.35,1111.76,1124.15,1124.15,186293670.0,5002907000000.0
VNINDEX,2018-03-09,1128.73,1135.02,1119.18,1123.41,1123.41,205262410.0,6194678000000.0
VNINDEX,2018-03-12,1135.37,1135.48,1123.41,1126.29,1126.29,196007230.0,5911504000000.0
VNINDEX,2018-03-13,1126.53,1133.31,1118.49,1133.31,1133.31,208056440.0,5931969000000.0
VNINDEX,2018-03-14,1135.99,1142.88,1133.31,1138.09,1138.09,222208670.0,6403157000000.0
VNINDEX,2018-03-15,1134.51,1140.74,1129.66,1138.76,1138.76,206757410.0,5910496000000.0
VNINDEX,2018-03-16,1144.54,1152.52,1138.76,1150.19,1150.19,259663510.0,8703449000000.0
VNINDEX,2018-03-19,1158.16,1165.63,1150.19,1159.22,1159.22,221426580.0,6054252000000.0
VNINDEX,2018-03-20,1154.48,1166.33,1154.48,1159.39,1159.39,189612780.0,5507118000000.0
VNINDEX,2018-03-21,1166.51,1172.31,1159.39,1169.36,1169.36,212626140.0,6134598000000.0
VNINDEX,2018-03-22,1175.22,1180.44,1169.36,1172.36,1172.36,215328410.0,6086144000000.0
VNINDEX,2018-03-23,1154.25,1172.36,1138.53,1153.59,1153.59,236809940.0,6781893000000.0
VNINDEX,2018-03-26,1150.51,1176.95,1150.51,1171.22,1171.22,175652330.0,5804696000000.0
VNINDEX,2018-03-27,1187.42,1187.42,1169.58,1171.73,1171.73,201079620.0,5604763000000.0
VNINDEX,2018-03-28,1168.87,1179.18,1165.71,1172.24,1172.24,164819000.0,4299447000000.0
VNINDEX,2018-03-29,1174.73,1176.45,1164.12,1167.03,1167.03,150007990.0,4247022000000.0
VNINDEX,2018-03-30,1167.03,1175.36,1158.49,1174.46,1174.46,150038040.0,4556987000000.0
VNINDEX,2018-04-02,1180.26,1196.61,1174.46,1196.61,1196.61,220648500.0,6695594000000.0
VNINDEX,2018-04-03,1197.0,1199.93,1185.83,1188.29,1188.29,217174790.0,6652010000000.0
VNINDEX,2018-04-04,1194.26,1200.71,1188.29,1191.54,1191.54,193661480.0,5912204000000.0
VNINDEX,2018-04-05,1197.76,1199.15,1186.75,1193.17,1193.17,186145860.0,5452363000000.0
VNINDEX,2018-04-06,1194.15,1202.59,1193.17,1199.96,1199.96,217438630.0,6303301000000.0
VNINDEX,2018-04-09,1202.44,1207.45,1197.44,1204.33,1204.33,222758940.0,6961238000000.0
VNINDEX,2018-04-10,1207.62,1211.34,1192.22,1198.12,1198.12,246293370.0,7783854000000.0
VNINDEX,2018-04-11,1201.51,1202.46,1167.11,1167.11,1167.11,245683030.0,7517638000000.0
VNINDEX,2018-04-12,1162.48,1173.02,1153.64,1173.02,1173.02,168721690.0,5213631000000.0
VNINDEX,2018-04-13,1178.57,1181.52,1153.93,1157.14,1157.14,156745070.0,4987479000000.0
VNINDEX,2018-04-16,1156.54,1159.45,1141.81,1148.49,1148.49,138539950.0,4169732000000.0
VNINDEX,2018-04-17,1149.02,1156.7,1139.33,1153.28,1153.28,139700810.0,4191783000000.0
VNINDEX,2018-04-18,1153.28,1160.32,1138.42,1138.53,1138.53,151852950.0,4457212000000.0
VNINDEX,2018-04-19,1137.99,1138.53,1094.63,1094.63,1094.63,183021470.0,6279824000000.0
VNINDEX,2018-04-20,1095.84,1119.86,1078.01,1119.86,1119.86,142511800.0,4823226000000.0
VNINDEX,2018-04-23,1124.33,1127.24,1076.78,1076.78,1076.78,194738310.0,5999609000000.0
VNINDEX,2018-04-24,1064.86,1084.89,1048.68,1080.74,1080.74,165887700.0,5622024000000.0
VNINDEX,2018-04-26,1082.52,1082.52,1039.35,1044.86,1044.86,184680980.0,5771430000000.0
VNINDEX,2018-04-27,1037.36,1054.94,1031.89,1050.26,1050.26,152150730.0,4737143000000.0
VNINDEX,2018-05-02,1053.26,1053.52,1024.75,1029.08,1029.08,151472300.0,4441530000000.0
VNINDEX,2018-05-03,1018.47,1029.08,1003.79,1026.46,1026.46,170826220.0,5097202000000.0
VNINDEX,2018-05-04,1032.12,1037.02,1022.1,1026.8,1026.8,125781940.0,3443044000000.0
VNINDEX,2018-05-07,1034.64,1062.26,1026.8,1062.26,1062.26,121975150.0,3482632000000.0
VNINDEX,2018-05-08,1061.12,1072.28,1057.24,1060.45,1060.45,131034910.0,3752811000000.0
VNINDEX,2018-05-09,1058.33,1069.8,1051.79,1056.97,1056.97,125800990.0,3316852000000.0
VNINDEX,2018-05-10,1058.22,1059.34,1025.75,1028.87,1028.87,142481230.0,3946833000000.0
VNINDEX,2018-05-11,1026.34,1044.85,1014.3,1044.85,1044.85,122444330.0,3445564000000.0
VNINDEX,2018-05-14,1051.69,1066.98,1042.31,1066.98,1066.98,112598140.0,3478354000000.0
VNINDEX,2018-05-15,1072.25,1084.2,1066.98,1073.5,1073.5,125064840.0,3649331000000.0
VNINDEX,2018-05-16,1070.34,1073.5,1052.18,1054.62,1054.62,114977430.0,3200207000000.0
VNINDEX,2018-05-17,1055.21,1057.84,1030.64,1030.64,1030.64,106925400.0,3214254000000.0
VNINDEX,2018-05-18,1033.33,1040.84,1013.57,1040.54,1040.54,117715920.0,3425518000000.0
VNINDEX,2018-05-21,1043.82,1043.82,1014.98,1014.98,1014.98,103768880.0,3044887000000.0
VNINDEX,2018-05-22,1006.18,1015.97,976.73,985.91,985.91,157929760.0,4234903000000.0
VNINDEX,2018-05-23,974.8,995.25,965.92,988.94,988.94,126424380.0,3968508000000.0
VNINDEX,2018-05-24,992.24,995.82,974.14,985.92,985.92,104549070.0,3288884000000.0
VNINDEX,2018-05-25,981.47,987.56,963.9,963.9,963.9,122895140.0,3683496000000.0
VNINDEX,2018-05-28,938.86,963.9,927.47,931.75,931.75,190060710.0,4903313000000.0
VNINDEX,2018-05-29,925.89,958.96,916.0,952.18,952.18,155134330.0,4244590000000.0
VNINDEX,2018-05-30,953.41,953.41,932.26,948.5,948.5,117402280.0,3584996000000.0
VNINDEX,2018-05-31,947.96,975.51,945.29,971.25,971.25,140562780.0,4721324000000.0
VNINDEX,2018-06-01,973.67,995.06,971.25,992.87,992.87,159474900.0,4740724000000.0
VNINDEX,2018-06-04,994.48,1013.78,992.01,1013.78,1013.78,146754440.0,4436496000000.0
VNINDEX,2018-06-05,1013.59,1025.26,1011.59,1022.74,1022.74,171849820.0,4808572000000.0
VNINDEX,2018-06-06,1020.97,1034.5,1012.98,1034.5,1034.5,147209700.0,4258169000000.0
VNINDEX,2018-06-07,1038.93,1043.71,1030.79,1036.69,1036.69,151572660.0,4330761000000.0
VNINDEX,2018-06-08,1032.59,1039.07,1026.94,1039.01,1039.01,123467000.0,3709397000000.0
VNINDEX,2018-06-11,1033.55,1045.6,1029.19,1039.02,1039.02,133458700.0,4051483000000.0
VNINDEX,2018-06-12,1033.55,1039.02,1005.1,1020.76,1020.76,169615060.0,5122131000000.0
VNINDEX,2018-06-13,1017.93,1030.53,1017.93,1030.53,1030.53,94432120.0,2979911000000.0
VNINDEX,2018-06-14,1030.53,1033.46,1015.72,1015.72,1015.72,135108620.0,3639163000000.0
VNINDEX,2018-06-15,1012.71,1018.95,1006.75,1016.51,1016.51,144810970.0,4040731000000.0
VNINDEX,2018-06-18,1015.56,1018.98,986.88,987.34,987.34,145258530.0,3695711000000.0
VNINDEX,2018-06-19,972.38,987.34,941.57,962.16,962.16,203038380.0,5547111000000.0
VNINDEX,2018-06-20,957.37,980.95,955.61,980.95,980.95,119588010.0,3169415000000.0
VNINDEX,2018-06-21,979.57,980.95,966.28,969.4,969.4,94207890.0,2428869000000.0
VNINDEX,2018-06-22,963.89,983.57,959.91,983.17,983.17,102386330.0,2784696000000.0
VNINDEX,2018-06-25,997.34,997.34,983.17,990.52,990.52,118141460.0,2738494000000.0
VNINDEX,2018-06-26,977.78,990.52,970.75,983.02,983.02,114848880.0,2137088000000.0
VNINDEX,2018-06-27,981.44,984.46,968.91,968.91,968.91,126478720.0,2649248000000.0
VNINDEX,2018-06-28,964.76,976.12,954.46,957.35,957.35,130092940.0,3174956000000.0
VNINDEX,2018-06-29,955.64,962.93,950.48,960.78,960.78,109959300.0,2967884000000.0
VNINDEX,2018-07-02,955.18,960.78,932.66,947.15,947.15,141985480.0,3327169000000.0
VNINDEX,2018-07-03,945.87,947.15,906.01,906.01,906.01,160959140.0,3887176000000.0
VNINDEX,2018-07-04,904.34,914.99,890.83,914.99,914.99,115037000.0,2914258000000.0
VNINDEX,2018-07-05,914.48,921.85,892.67,899.4,899.4,127300890.0,2970504000000.0
VNINDEX,2018-07-06,891.16,921.75,884.99,917.51,917.51,141558410.0,3222988000000.0
VNINDEX,2018-07-09,922.72,929.5,915.12,915.12,915.12,106129140.0,2244982000000.0
VNINDEX,2018-07-10,919.44,921.96,911.12,911.12,911.12,93023180.0,2103410000000.0
VNINDEX,2018-07-11,898.08,911.12,885.09,893.16,893.16,138011210.0,2949646000000.0
VNINDEX,2018-07-12,891.21,905.72,884.75,898.51,898.51,89716000.0,1805999000000.0
VNINDEX,2018-07-13,904.8,912.53,898.51,909.72,909.72,121908930.0,2248267000000.0
VNINDEX,2018-07-16,914.22,917.63,905.27,911.11,911.11,110781560.0,2258720000000.0
VNINDEX,2018-07-17,905.32,921.27,902.02,921.27,921.27,136242170.0,2927364000000.0
VNINDEX,2018-07-18,926.14,942.39,921.27,942.39,942.39,184595420.0,3929363000000.0
VNINDEX,2018-07-19,942.39,947.07,939.58,943.97,943.97,166861920.0,3669326000000.0
VNINDEX,2018-07-20,938.83,943.97,930.26,933.39,933.39,178824010.0,3831085000000.0
VNINDEX,2018-07-23,931.52,949.14,930.25,936.74,936.74,189825960.0,3702678000000.0
VNINDEX,2018-07-24,933.22,939.07,926.3,934.08,934.08,169570620.0,3387404000000.0
VNINDEX,2018-07-25,936.57,938.33,927.58,927.58,927.58,201817350.0,3318314000000.0
VNINDEX,2018-07-26,928.96,930.32,920.99,930.16,930.16,175094780.0,3159879000000.0
VNINDEX,2018-07-27,931.9,937.23,928.82,935.52,935.52,163239770.0,3025663000000.0
VNINDEX,2018-07-30,935.52,949.73,935.52,949.73,949.73,184102800.0,3418942000000.0
VNINDEX,2018-07-31,948.56,959.07,947.32,956.39,956.39,229716310.0,4367023000000.0
VNINDEX,2018-08-01,957.35,960.05,949.89,952.77,952.77,180659380.0,3537150000000.0
VNINDEX,2018-08-02,952.75,953.55,942.39,953.55,953.55,197605160.0,3768849000000.0
VNINDEX,2018-08-03,957.92,966.1,953.55,959.6,959.6,166041060.0,3757566000000.0
VNINDEX,2018-08-06,960.12,962.99,955.42,960.23,960.23,153545630.0,3387432000000.0
VNINDEX,2018-08-07,957.7,962.02,953.71,956.79,956.79,138197270.0,3308633000000.0
VNINDEX,2018-08-08,958.31,966.27,956.79,966.27,966.27,140455150.0,3088681000000.0
VNINDEX,2018-08-09,968.57,972.52,963.5,963.5,963.5,155997970.0,3799665000000.0
VNINDEX,2018-08-10,962.03,968.47,955.04,968.47,968.47,171405870.0,3545391000000.0
VNINDEX,2018-08-13,966.46,978.04,963.41,978.04,978.04,177961390.0,4401547000000.0
VNINDEX,2018-08-14,979.66,981.42,974.47,978.27,978.27,149512980.0,3613829000000.0
VNINDEX,2018-08-15,980.45,982.0,961.37,961.37,961.37,170920470.0,3814273000000.0
VNINDEX,2018-08-16,952.83,964.28,947.09,964.28,964.28,155675840.0,3761779000000.0
VNINDEX,2018-08-17,971.4,975.52,964.28,968.88,968.88,135993500.0,3054194000000.0
VNINDEX,2018-08-20,970.81,973.57,966.46,969.62,969.62,159839260.0,3505381000000.0
VNINDEX,2018-08-21,968.46,979.21,968.45,979.21,979.21,166245190.0,3390390000000.0
VNINDEX,2018-08-22,979.21,986.36,979.21,982.15,982.15,165046770.0,3533358000000.0
VNINDEX,2018-08-23,984.12,989.45,982.15,987.36,987.36,136754900.0,3209688000000.0
VNINDEX,2018-08-24,985.49,989.21,982.88,987.05,987.05,154384250.0,3668809000000.0
VNINDEX,2018-08-27,990.19,994.54,987.05,991.92,991.92,172523730.0,3906438000000.0
VNINDEX,2018-08-28,991.92,995.29,989.81,995.19,995.19,160040560.0,3874366000000.0
VNINDEX,2018-08-29,995.05,995.19,987.47,988.17,988.17,147290440.0,3269286000000.0
VNINDEX,2018-08-30,987.62,998.07,983.43,998.07,998.07,154869330.0,3710002000000.0
VNINDEX,2018-08-31,998.55,1003.06,989.54,989.54,989.54,162028990.0,4085080000000.0
VNINDEX,2018-09-03,957.92,966.1,953.55,959.6,959.6,166041060.0,3757566000000.0
VNINDEX,2018-09-04,990.79,992.18,975.94,975.94,975.94,171757470.0,3637446000000.0
VNINDEX,2018-09-05,975.05,978.78,964.8,968.44,968.44,161132000.0,3613408000000.0
VNINDEX,2018-09-06,968.37,970.84,957.99,958.19,958.19,141846580.0,2977687000000.0
VNINDEX,2018-09-07,955.5,969.34,955.5,968.9,968.9,152297190.0,3111689000000.0
VNINDEX,2018-09-10,969.74,974.59,968.19,970.34,970.34,150185940.0,2921194000000.0
VNINDEX,2018-09-11,968.41,985.06,967.92,985.06,985.06,158583090.0,3560960000000.0
VNINDEX,2018-09-12,990.0,994.83,985.06,987.01,987.01,170671340.0,3699960000000.0
VNINDEX,2018-09-13,987.48,992.96,984.92,987.95,987.95,148460220.0,3178894000000.0
VNINDEX,2018-09-14,987.95,995.55,987.95,991.34,991.34,149515760.0,3528266000000.0
VNINDEX,2018-09-17,990.65,993.83,987.02,987.61,987.61,146418770.0,3268894000000.0
VNINDEX,2018-09-18,983.43,993.49,981.89,993.49,993.49,170931700.0,3736691000000.0
VNINDEX,2018-09-19,998.65,1001.83,993.49,995.54,995.54,206153500.0,4175361000000.0
VNINDEX,2018-09-20,995.54,1004.74,995.54,1004.74,1004.74,178719970.0,3895316000000.0
VNINDEX,2018-09-21,1006.25,1009.1,1000.39,1002.97,1002.97,273413180.0,7684378661843.0
VNINDEX,2018-09-24,1007.52,1011.29,1002.97,1011.29,1011.29,169064700.0,3738368000000.0
VNINDEX,2018-09-25,1011.94,1014.53,1008.67,1010.74,1010.74,198025710.0,3920445000000.0
VNINDEX,2018-09-26,1008.93,1014.86,1007.44,1009.61,1009.61,219304600.0,4551642000000.0
VNINDEX,2018-09-27,1012.57,1017.78,1009.61,1015.37,1015.37,180548480.0,4236051000000.0
VNINDEX,2018-09-28,1019.34,1020.84,1015.37,1017.13,1017.13,223985030.0,5127610000000.0
VNINDEX,2018-10-01,1019.49,1023.87,1012.88,1012.88,1012.88,224079290.0,4945727000000.0
VNINDEX,2018-10-02,1014.26,1021.51,1012.88,1018.79,1018.79,203211920.0,4870894000000.0
VNINDEX,2018-10-03,1021.08,1024.59,1016.47,1020.4,1020.4,159465930.0,3482356000000.0
VNINDEX,2018-10-04,1024.68,1024.68,1020.4,1023.62,1023.62,183493900.0,4359861000000.0
VNINDEX,2018-10-05,1020.21,1023.62,1008.39,1008.39,1008.39,204312380.0,4443766000000.0
VNINDEX,2018-10-08,1003.31,1008.39,996.12,996.12,996.12,184494660.0,4129387000000.0
VNINDEX,2018-10-09,998.7,1001.87,996.12,996.19,996.19,178671520.0,3542238000000.0
VNINDEX,2018-10-10,998.66,999.62,991.22,993.96,993.96,170310580.0,3740629000000.0
VNINDEX,2018-10-11,972.21,993.96,938.83,945.89,945.89,342322780.0,7364124000000.0
VNINDEX,2018-10-12,939.2,970.08,933.35,970.08,970.08,202180250.0,4506830000000.0
VNINDEX,2018-10-15,968.8,970.08,951.64,951.64,951.64,122347660.0,2756506000000.0
VNINDEX,2018-10-16,950.36,963.69,950.36,963.37,963.37,117463420.0,2705568000000.0
VNINDEX,2018-10-17,973.14,975.27,963.37,971.6,971.6,137708130.0,3208468000000.0
VNINDEX,2018-10-18,968.93,971.6,962.68,963.47,963.47,125904200.0,2693443000000.0
VNINDEX,2018-10-19,949.94,963.47,945.83,958.36,958.36,131750750.0,3054456000000.0
VNINDEX,2018-10-22,958.36,963.79,953.51,953.51,953.51,132907370.0,3027531000000.0
VNINDEX,2018-10-23,950.12,953.51,925.29,939.68,939.68,180452220.0,4042140000000.0
VNINDEX,2018-10-24,935.25,939.68,922.73,922.73,922.73,131812580.0,2939256000000.0
VNINDEX,2018-10-25,902.59,922.73,885.34,910.17,910.17,163267870.0,3596763000000.0
VNINDEX,2018-10-26,918.11,918.16,900.82,900.82,900.82,133196280.0,2859886000000.0
VNINDEX,2018-10-29,895.05,900.82,884.92,888.82,888.82,113190110.0,2447278000000.0
VNINDEX,2018-10-30,881.32,894.8,880.85,888.69,888.69,119442400.0,2512062000000.0
VNINDEX,2018-10-31,894.23,914.76,888.69,914.76,914.76,158835290.0,3211224000000.0
VNINDEX,2018-11-01,915.52,918.84,905.73,907.96,907.96,121537840.0,2677419000000.0
VNINDEX,2018-11-02,911.35,927.62,907.96,924.86,924.86,208306270.0,3880144000000.0
VNINDEX,2018-11-05,920.87,925.53,915.77,925.53,925.53,120636020.0,2421142000000.0
VNINDEX,2018-11-06,931.0,931.27,921.93,922.05,922.05,120323080.0,2511803000000.0
VNINDEX,2018-11-07,922.03,924.6,915.41,922.16,922.16,126493110.0,2607453000000.0
VNINDEX,2018-11-08,928.69,932.86,922.16,926.28,926.28,136371250.0,2426931000000.0
VNINDEX,2018-11-09,921.11,926.28,914.29,914.29,914.29,130987570.0,2654492000000.0
VNINDEX,2018-11-12,909.36,918.99,903.95,918.12,918.12,109196880.0,2114940000000.0
VNINDEX,2018-11-13,904.35,918.12,903.48,905.38,905.38,132420850.0,2592857000000.0
VNINDEX,2018-11-14,904.16,910.58,898.83,900.93,900.93,124973890.0,2659037000000.0
VNINDEX,2018-11-15,901.13,903.83,892.5,897.15,897.15,134157220.0,2502041000000.0
VNINDEX,2018-11-16,901.44,903.21,894.14,898.19,898.19,142404810.0,2638844000000.0
VNINDEX,2018-11-19,902.65,916.06,898.19,916.06,916.06,123751830.0,2466431000000.0
VNINDEX,2018-11-20,909.76,919.02,909.76,919.02,919.02,126088600.0,2684275000000.0
VNINDEX,2018-11-21,909.83,922.56,907.47,922.56,922.56,118598410.0,2581102000000.0
VNINDEX,2018-11-22,924.93,926.15,922.02,924.42,924.42,114153390.0,2442016000000.0
VNINDEX,2018-11-23,923.91,925.84,916.87,917.97,917.97,111368420.0,2094597000000.0
VNINDEX,2018-11-26,915.67,921.96,914.43,921.03,921.03,89018720.0,1960963000000.0
VNINDEX,2018-11-27,925.12,930.37,921.03,923.12,923.12,108892820.0,2295693000000.0
VNINDEX,2018-11-28,923.12,930.2,922.03,930.2,930.2,96437830.0,2089137000000.0
VNINDEX,2018-11-29,934.88,937.75,926.79,926.79,926.79,117296150.0,2505056000000.0
VNINDEX,2018-11-30,924.49,928.92,921.08,926.54,926.54,128404930.0,2858813000000.0
VNINDEX,2018-12-03,937.7,951.59,926.54,951.59,951.59,158649680.0,3526594000000.0
VNINDEX,2018-12-04,952.97,960.44,950.89,958.84,958.84,176957450.0,3659261000000.0
VNINDEX,2018-12-05,950.34,960.87,946.97,957.14,957.14,153813590.0,3364858000000.0
VNINDEX,2018-12-06,954.61,959.59,948.44,954.82,954.82,144514310.0,3166347000000.0
VNINDEX,2018-12-07,956.49,962.39,954.82,958.59,958.59,147777320.0,3026397000000.0
VNINDEX,2018-12-10,955.06,958.59,951.5,955.89,955.89,124403810.0,2795792000000.0
VNINDEX,2018-12-11,955.93,957.97,949.34,954.58,954.58,121297760.0,2557552000000.0
VNINDEX,2018-12-12,956.32,961.28,954.58,961.28,961.28,137903480.0,2716663000000.0
VNINDEX,2018-12-13,961.28,966.83,960.1,960.25,960.25,143906620.0,2858106000000.0
VNINDEX,2018-12-14,958.78,960.25,951.04,952.04,952.04,131038650.0,2791643000000.0
VNINDEX,2018-12-17,948.09,952.04,933.65,933.65,933.65,142727430.0,3030078000000.0
VNINDEX,2018-12-18,933.65,933.65,917.03,927.25,927.25,154471670.0,3225578000000.0
VNINDEX,2018-12-19,926.35,927.25,914.55,919.24,919.24,118697620.0,2648839000000.0
VNINDEX,2018-12-20,915.5,921.79,914.18,918.24,918.24,106758930.0,2229607000000.0
VNINDEX,2018-12-21,911.57,918.24,907.88,912.26,912.26,130617680.0,3073640000000.0
VNINDEX,2018-12-24,910.86,916.41,908.56,908.56,908.56,109136290.0,2123531000000.0
VNINDEX,2018-12-25,893.71,908.56,882.17,897.94,897.94,168188780.0,2920918000000.0
VNINDEX,2018-12-26,896.63,899.49,890.86,891.75,891.75,102676480.0,2042551000000.0
VNINDEX,2018-12-27,904.8,906.63,891.75,900.81,900.81,111801210.0,2284417000000.0
VNINDEX,2018-12-28,903.79,903.79,892.54,892.54,892.54,123484100.0,2540729000000.0
VNINDEX,2019-01-02,900.1,900.1,891.1,891.75,891.75,91260900.0,1872713000000.0
VNINDEX,2019-01-03,889.78,892.21,872.12,878.22,878.22,133569060.0,2564999000000.0
VNINDEX,2019-01-04,872.69,881.48,861.85,880.9,880.9,116476250.0,2110840000000.0
VNINDEX,2019-01-07,890.47,896.63,880.9,889.64,889.64,85681980.0,1743625000000.0
VNINDEX,2019-01-08,891.37,891.87,883.67,887.44,887.44,91184790.0,1656579000000.0
VNINDEX,2019-01-09,890.26,897.25,887.44,896.99,896.99,121362280.0,2141366000000.0
VNINDEX,2019-01-10,897.85,899.47,895.17,898.3,898.3,102028010.0,1876782000000.0
VNINDEX,2019-01-11,899.1,904.37,898.3,902.71,902.71,107318710.0,2174013000000.0
VNINDEX,2019-01-14,903.83,903.83,897.18,901.8,901.8,102708100.0,1929601000000.0
VNINDEX,2019-01-15,901.21,909.68,898.92,909.68,909.68,105437620.0,2092317000000.0
VNINDEX,2019-01-16,911.32,912.48,906.39,908.7,908.7,107297240.0,2107389000000.0
VNINDEX,2019-01-17,908.48,909.06,901.89,901.89,901.89,116336260.0,1903434000000.0
VNINDEX,2019-01-18,902.7,906.35,900.64,902.3,902.3,97354960.0,1746703000000.0
VNINDEX,2019-01-21,905.25,911.74,902.3,911.05,911.05,118681370.0,2182696000000.0
VNINDEX,2019-01-22,912.73,913.37,906.55,906.55,906.55,122327990.0,2075927467075.0
VNINDEX,2019-01-23,905.73,910.12,905.12,908.18,908.18,104170040.0,1975810930000.0
VNINDEX,2019-01-24,908.56,910.59,906.59,908.79,908.79,93302460.0,1944730560000.0
VNINDEX,2019-01-25,908.86,911.59,907.96,908.88,908.88,94694810.0,1936814850000.0
VNINDEX,2019-01-28,912.53,913.43,908.9,912.18,912.18,105066300.0,1741941600000.0
VNINDEX,2019-01-29,913.67,915.93,907.09,915.93,915.93,96373030.0,1815629170000.0
VNINDEX,2019-01-30,914.08,917.8,913.48,915.84,915.84,101654620.0,1918953720000.0
VNINDEX,2019-01-31,919.12,920.36,910.38,910.65,910.65,109882400.0,2291453390000.0
VNINDEX,2019-02-01,911.98,912.81,907.52,908.67,908.67,100817510.0,2442139280000.0
VNINDEX,2019-02-11,916.98,926.1,915.86,926.1,926.1,105401650.0,2301893640000.0
VNINDEX,2019-02-12,930.37,938.64,926.98,937.54,937.54,172108310.0,3424754220000.0
VNINDEX,2019-02-13,937.61,945.25,937.34,945.25,945.25,176065850.0,3735013150000.0
VNINDEX,2019-02-14,946.54,953.66,945.99,952.34,952.34,155201250.0,3240098520000.0
VNINDEX,2019-02-15,951.9,955.4,948.26,950.89,950.89,144187810.0,3140485330000.0
VNINDEX,2019-02-18,954.85,961.3,953.32,961.3,961.3,168546640.0,3471347550000.0
VNINDEX,2019-02-19,962.84,971.92,962.81,964.35,964.35,194948940.0,4484384580000.0
VNINDEX,2019-02-20,963.29,972.75,963.29,970.58,970.58,143623290.0,3093756110000.0
VNINDEX,2019-02-21,972.82,987.57,970.31,987.57,987.57,162629150.0,3963524220000.0
VNINDEX,2019-02-22,983.99,993.16,982.86,988.91,988.91,198035650.0,4277209460000.0
VNINDEX,2019-02-25,996.06,999.9,992.72,994.43,994.43,192123580.0,4287905550000.0
VNINDEX,2019-02-26,991.63,996.44,979.24,987.06,987.06,209593290.0,4138547390000.0
VNINDEX,2019-02-27,989.61,994.46,988.09,990.27,990.27,204432660.0,4045921540000.0
VNINDEX,2019-02-28,989.84,990.25,965.47,965.47,965.47,197246310.0,4520345690000.0
VNINDEX,2019-03-01,971.05,980.82,970.54,979.63,979.63,147201840.0,3165543920000.0
VNINDEX,2019-03-04,983.5,994.46,983.33,993.99,993.99,208746480.0,4301222740000.0
VNINDEX,2019-03-05,990.08,1000.25,987.92,992.45,992.45,242647260.0,4485812030000.0
VNINDEX,2019-03-06,993.01,994.49,985.51,994.49,994.49,189307770.0,3454225950000.0
VNINDEX,2019-03-07,995.65,1004.55,994.03,994.03,994.03,187089470.0,3996962770000.0
VNINDEX,2019-03-08,987.89,991.98,984.48,985.25,985.25,174637190.0,3538658290000.0
VNINDEX,2019-03-11,982.94,987.11,981.34,984.6,984.6,142354110.0,2852910630000.0
VNINDEX,2019-03-12,991.14,1001.32,990.46,1001.32,1001.32,59909910.0,2238404500000.0
VNINDEX,2019-03-13,1003.75,1009.77,1003.01,1005.41,1005.41,197058820.0,4420822580000.0
VNINDEX,2019-03-14,1006.37,1011.39,1002.09,1008.44,1008.44,182462580.0,3741517560000.0
VNINDEX,2019-03-15,1008.22,1008.22,1001.1,1004.12,1004.12,205312130.0,4799303530000.0
VNINDEX,2019-03-18,1007.92,1013.29,1007.92,1011.86,1011.86,186670940.0,4198228700000.0
VNINDEX,2019-03-19,1013.75,1014.51,1004.22,1006.59,1006.59,198651140.0,4215598880000.0
VNINDEX,2019-03-20,1002.86,1003.25,992.02,1002.3,1002.3,179018110.0,3911390750000.0
VNINDEX,2019-03-21,1005.12,1006.37,981.78,981.78,981.78,182063760.0,3848667140000.0
VNINDEX,2019-03-22,984.9,990.07,981.3,988.71,988.71,150078180.0,3288547100000.0
VNINDEX,2019-03-25,976.53,976.53,964.76,970.07,970.07,176173100.0,3595097970000.0
VNINDEX,2019-03-26,975.44,978.99,966.9,969.79,969.79,138470030.0,2748439790000.0
VNINDEX,2019-03-27,976.67,979.32,972.25,975.91,975.91,111313200.0,2319204530000.0
VNINDEX,2019-03-28,973.44,983.18,972.6,982.98,982.98,121442710.0,2432695240000.0
VNINDEX,2019-03-29,985.35,988.24,980.76,980.76,980.76,131578690.0,3011489350000.0
VNINDEX,2019-04-01,984.89,988.53,982.8,988.53,988.53,136670870.0,2869703310000.0
VNINDEX,2019-04-02,994.87,996.41,985.48,985.81,985.81,139249480.0,2783380250000.0
VNINDEX,2019-04-03,984.74,985.26,980.3,984.46,984.46,127569720.0,2603447510000.0
VNINDEX,2019-04-04,987.47,989.08,982.94,986.91,986.91,131613070.0,2627099690000.0
VNINDEX,2019-04-05,988.09,990.38,986.39,989.26,989.26,129581690.0,2562502330000.0
VNINDEX,2019-04-08,991.65,997.56,989.33,997.56,997.56,146848160.0,2908118250000.0
VNINDEX,2019-04-09,999.89,1000.02,987.82,988.48,988.48,152164280.0,3594511110000.0
VNINDEX,2019-04-10,984.79,987.27,976.83,981.91,981.91,136206990.0,2873030000000.0
VNINDEX,2019-04-11,984.46,985.95,981.06,985.95,985.95,116462880.0,2288899600000.0
VNINDEX,2019-04-12,984.66,984.69,980.26,982.9,982.9,111579320.0,2302189300000.0
VNINDEX,2019-04-16,970.87,978.53,963.06,977.17,977.17,129555720.0,2629245230000.0
VNINDEX,2019-04-17,978.21,980.71,972.1,972.1,972.1,147143680.0,3013590570000.0
VNINDEX,2019-04-18,969.5,973.73,962.05,962.3,962.3,136627800.0,2757629100000.0
VNINDEX,2019-04-19,968.27,971.73,965.46,966.21,966.21,95858930.0,1848764370000.0
VNINDEX,2019-04-22,963.78,966.69,959.33,965.86,965.86,115324520.0,2463221840000.0
VNINDEX,2019-04-23,964.84,970.98,964.35,968.0,968.0,112571910.0,2446354490000.0
VNINDEX,2019-04-24,969.66,978.71,969.66,976.92,976.92,120984530.0,2489275010000.0
VNINDEX,2019-04-25,976.46,976.46,971.92,974.13,974.13,111265980.0,2108189380000.0
VNINDEX,2019-04-26,972.86,979.64,970.73,979.64,979.64,106880990.0,2381447650000.0
VNINDEX,2019-05-02,978.81,979.93,975.51,978.5,978.5,123641950.0,2551174950000.0
VNINDEX,2019-05-03,976.77,977.13,971.75,974.14,974.14,126861840.0,2722050660000.0
VNINDEX,2019-05-06,964.37,964.89,955.41,957.97,957.97,133333280.0,2776818200000.0
VNINDEX,2019-05-07,961.31,965.61,955.42,957.56,957.56,120967170.0,2414658560000.0
VNINDEX,2019-05-08,950.1,953.88,947.86,951.22,951.22,117642240.0,2446287910000.0
VNINDEX,2019-05-09,950.66,953.66,944.91,947.01,947.01,114337710.0,2381368720000.0
VNINDEX,2019-05-10,950.37,953.92,947.85,952.55,952.55,114421300.0,2313523910000.0
VNINDEX,2019-05-13,952.11,958.54,951.76,958.54,958.54,124137680.0,2603512080000.0
VNINDEX,2019-05-14,952.13,965.34,952.13,965.34,965.34,133450620.0,2886382100000.0
VNINDEX,2019-05-15,967.95,977.65,967.95,975.64,975.64,152163030.0,3400831630000.0
VNINDEX,2019-05-16,976.96,981.22,975.69,975.69,975.69,128644280.0,2807684940000.0
VNINDEX,2019-05-17,977.85,980.04,974.91,976.48,976.48,120091580.0,2711089430000.0
VNINDEX,2019-05-20,975.95,987.13,974.47,987.13,987.13,133410170.0,3045175320000.0
VNINDEX,2019-05-21,989.67,992.84,986.07,986.29,986.29,123824620.0,3013170960000.0
VNINDEX,2019-05-22,986.66,992.26,982.68,983.78,983.78,125932070.0,2865042370000.0
VNINDEX,2019-05-23,982.0,984.57,977.17,982.71,982.71,107185090.0,2473528870000.0
VNINDEX,2019-05-24,976.59,983.14,970.03,970.03,970.03,125995790.0,3147682430000.0
VNINDEX,2019-05-27,970.73,975.4,970.41,975.14,975.14,95547230.0,2170632370000.0
VNINDEX,2019-05-28,977.02,978.8,969.51,972.0,972.0,120207520.0,2765230980000.0
VNINDEX,2019-05-29,973.31,974.96,969.55,971.54,971.54,119981290.0,2687561010000.0
VNINDEX,2019-05-30,971.01,974.56,967.21,969.34,969.34,105429560.0,2321351490000.0
VNINDEX,2019-05-31,968.53,969.94,959.88,959.88,959.88,113983510.0,2680380590000.0
VNINDEX,2019-06-03,953.58,955.78,940.28,946.47,946.47,141124260.0,3158900430000.0
VNINDEX,2019-06-04,945.62,951.42,943.21,951.16,951.16,100720010.0,2063804670000.0
VNINDEX,2019-06-05,955.8,958.39,951.39,951.41,951.41,94748420.0,1940841160000.0
VNINDEX,2019-06-06,950.57,951.35,939.35,948.21,948.21,99472430.0,2188935620000.0
VNINDEX,2019-06-07,951.64,958.28,950.94,958.28,958.28,97295080.0,2292394850000.0
VNINDEX,2019-06-10,963.78,966.9,958.6,962.9,962.9,117989440.0,2747048850000.0
VNINDEX,2019-06-11,962.43,964.81,959.98,962.07,962.07,95182170.0,2192159670000.0
VNINDEX,2019-06-12,960.6,960.6,953.83,954.17,954.17,99753800.0,2272222360000.0
VNINDEX,2019-06-13,951.26,952.06,946.29,950.08,950.08,98224190.0,2228915570000.0
VNINDEX,2019-06-14,948.65,954.7,948.65,953.61,953.61,114919450.0,2290772440000.0
VNINDEX,2019-06-17,953.97,955.18,944.47,946.95,946.95,104376320.0,2224720510000.0
VNINDEX,2019-06-18,945.73,947.3,938.95,944.01,944.01,107486040.0,2467013980000.0
VNINDEX,2019-06-19,948.92,950.04,946.83,949.69,949.69,113127930.0,2292883440000.0
VNINDEX,2019-06-20,949.48,962.33,948.97,959.18,959.18,128849380.0,3011614900000.0
VNINDEX,2019-06-21,962.69,964.52,959.12,959.2,959.2,172690500.0,4021237520000.0
VNINDEX,2019-06-24,960.29,967.11,959.8,962.85,962.85,112075620.0,2522792540000.0
VNINDEX,2019-06-25,961.19,963.23,960.06,960.13,960.13,119504240.0,2492065900000.0
VNINDEX,2019-06-26,958.6,962.7,958.38,959.13,959.13,118961940.0,2581274450000.0
VNINDEX,2019-06-27,959.48,959.48,943.11,943.11,943.11,122024660.0,2615217420000.0
VNINDEX,2019-06-28,944.53,949.94,939.12,949.94,949.94,116719130.0,2662464310000.0
VNINDEX,2019-07-01,958.92,965.61,957.66,965.61,965.61,118824310.0,2780459760000.0
VNINDEX,2019-07-02,964.77,966.76,959.8,961.98,961.98,103140210.0,2423404870000.0
VNINDEX,2019-07-03,960.44,961.67,956.91,960.39,960.39,108615480.0,2515731740000.0
VNINDEX,2019-07-04,961.78,973.04,961.65,973.04,973.04,131414710.0,2994530720000.0
VNINDEX,2019-07-05,972.74,975.34,970.16,975.34,975.34,114333320.0,2696015210000.0
VNINDEX,2019-07-08,972.83,972.83,963.84,966.35,966.35,115286470.0,2661273960000.0
VNINDEX,2019-07-09,965.24,969.05,963.05,969.05,969.05,124746590.0,2714704970000.0
VNINDEX,2019-07-10,971.19,974.96,971.19,973.65,973.65,121222420.0,2764701090000.0
VNINDEX,2019-07-11,976.95,980.02,975.03,978.63,978.63,131912750.0,2693751080000.0
VNINDEX,2019-07-12,980.11,982.1,974.32,975.4,975.4,130374520.0,2957891700000.0
VNINDEX,2019-07-15,975.57,975.66,970.93,972.53,972.53,115972860.0,2668354770000.0
VNINDEX,2019-07-16,975.05,982.11,975.05,982.11,982.11,139907030.0,3322144690000.0
VNINDEX,2019-07-17,981.49,985.59,979.05,982.57,982.57,140183530.0,3357018360000.0
VNINDEX,2019-07-18,979.16,979.49,975.01,976.05,976.05,125517600.0,2796726260000.0
VNINDEX,2019-07-19,978.12,986.12,978.12,982.34,982.34,157358510.0,3602530730000.0
VNINDEX,2019-07-22,981.17,985.13,980.08,982.04,982.04,132994310.0,3006171970000.0
VNINDEX,2019-07-23,981.38,990.45,980.22,989.46,989.46,132652850.0,3075086940000.0
VNINDEX,2019-07-24,993.01,994.85,986.34,988.41,988.41,130182230.0,3022456600000.0
VNINDEX,2019-07-25,986.85,997.49,986.85,994.95,994.95,138581600.0,3223166070000.0
VNINDEX,2019-07-26,994.8,998.52,992.97,993.35,993.35,116208870.0,2677343900000.0
VNINDEX,2019-07-29,994.23,997.94,988.29,997.94,997.94,111671240.0,2740794900000.0
VNINDEX,2019-07-30,1001.46,1002.77,986.02,986.02,986.02,131365180.0,3002433590000.0
VNINDEX,2019-07-31,986.0,993.4,982.64,991.66,991.66,128929120.0,2697667950000.0
VNINDEX,2019-08-01,993.25,997.39,990.88,997.39,997.39,133147010.0,2881664960000.0
VNINDEX,2019-08-02,987.55,991.39,985.69,991.1,991.1,142533150.0,3248469090000.0
VNINDEX,2019-08-05,988.6,988.99,973.15,973.15,973.15,144946960.0,3343230070000.0
VNINDEX,2019-08-06,960.29,966.15,958.39,964.61,964.61,167670810.0,3578237820000.0
VNINDEX,2019-08-07,967.18,971.96,961.64,965.93,965.93,131692600.0,2788092490000.0
VNINDEX,2019-08-08,965.62,975.83,964.21,975.24,975.24,154965790.0,3430909230000.0
VNINDEX,2019-08-09,976.41,978.69,974.33,974.34,974.34,131092120.0,2895721380000.0
VNINDEX,2019-08-12,975.38,977.63,973.22,975.31,975.31,120706840.0,2583191960000.0
VNINDEX,2019-08-13,972.7,973.09,964.03,966.83,966.83,139224170.0,3268148590000.0
VNINDEX,2019-08-14,975.88,975.99,968.91,968.91,968.91,122392520.0,2665438840000.0
VNINDEX,2019-08-15,958.05,979.38,955.76,979.38,979.38,128985080.0,2784790510000.0
VNINDEX,2019-08-16,974.88,985.61,974.88,980.0,980.0,151279950.0,3715064500000.0
VNINDEX,2019-08-19,984.04,985.48,979.17,981.03,981.03,105430600.0,2418359330000.0
VNINDEX,2019-08-20,983.94,985.35,981.75,984.67,984.67,118956190.0,2776297450000.0
VNINDEX,2019-08-21,984.36,995.44,983.3,994.38,994.38,144232700.0,3282538000000.0
VNINDEX,2019-08-22,996.41,998.67,993.23,997.26,997.26,126469080.0,2846529750000.0
VNINDEX,2019-08-23,998.21,998.21,990.83,992.45,992.45,117934690.0,2736925670000.0
VNINDEX,2019-08-26,983.8,984.61,977.0,982.88,982.88,149575020.0,3307502720000.0
VNINDEX,2019-08-27,986.33,988.49,976.79,976.79,976.79,148125050.0,3288771050000.0
VNINDEX,2019-08-28,977.1,981.35,977.1,977.26,977.26,115919870.0,2417727670000.0
VNINDEX,2019-08-29,978.17,978.78,973.34,978.59,978.59,117852010.0,2487268810000.0
VNINDEX,2019-08-30,980.25,984.87,980.25,984.06,984.06,124633770.0,2603820430000.0
VNINDEX,2019-09-03,984.06,985.21,978.62,979.36,979.36,123217580.0,2449780160000.0
VNINDEX,2019-09-04,977.97,979.91,973.37,977.63,977.63,118981750.0,2471486340000.0
VNINDEX,2019-09-05,979.83,981.67,976.79,976.79,976.79,111115040.0,2199552000000.0
VNINDEX,2019-09-06,977.83,978.73,973.87,974.08,974.08,103896060.0,2013290000000.0
VNINDEX,2019-09-09,974.53,975.03,972.47,974.12,974.12,100322360.0,2086579000000.0
VNINDEX,2019-09-10,974.62,977.44,968.36,970.26,970.26,124074130.0,2721498000000.0
VNINDEX,2019-09-11,969.59,973.13,967.14,969.31,969.31,93331090.0,2074006000000.0
VNINDEX,2019-09-12,972.39,976.07,969.31,976.07,976.07,120393640.0,2764556000000.0
VNINDEX,2019-09-13,976.07,987.22,975.95,987.22,987.22,142334760.0,3303959000000.0
